Date,Machine_ID,Line,Shift,Downtime_Reason,Downtime_Minutes,Production_Rate_Units_Per_Hour,Profit_Per_Unit_USD
2025-02-22,CNC-201,Line B,Night,Tool Change / Wear,33,56,5.56
2025-08-10,CNC-201,Line B,Afternoon,Quality Hold / Inspection,20,55,6.04
2025-04-19,CNC-102,Line A,Night,Changeover / Setup,58,41,7.57
2025-07-31,CNC-101,Line A,Night,Changeover / Setup,33,43,5.85
2025-05-09,CNC-201,Line B,Night,Quality Hold / Inspection,29,55,7.78
2025-01-19,CNC-202,Line B,Night,Preventive Maintenance,79,52,8.1
2025-05-16,CNC-101,Line A,Night,Quality Hold / Inspection,24,43,6.13
2025-09-18,CNC-101,Line A,Morning,Preventive Maintenance,50,41,6.83
2025-10-31,CNC-202,Line B,Night,Tool Change / Wear,19,48,6.02
2025-05-04,CNC-301,Line C,Night,Unplanned Breakdown,113,33,8.19
2025-06-25,CNC-202,Line B,Morning,Tool Change / Wear,42,53,8.95
2025-08-02,CNC-101,Line A,Night,Tool Change / Wear,31,45,6.62
2025-01-08,CNC-102,Line A,Night,Unplanned Breakdown,117,35,6.19
2025-06-14,CNC-101,Line A,Morning,Unplanned Breakdown,116,44,5.63
2025-09-14,CNC-102,Line A,Afternoon,Unplanned Breakdown,62,40,5.51
2025-09-25,CNC-301,Line C,Afternoon,Material Shortage,46,33,5.97
2025-01-28,CNC-102,Line A,Morning,Quality Hold / Inspection,22,41,9.42
2025-11-13,CNC-101,Line A,Morning,Changeover / Setup,44,42,6.8
2025-01-21,CNC-301,Line C,Night,Preventive Maintenance,49,30,6.57
2025-09-29,CNC-301,Line C,Afternoon,Unplanned Breakdown,217,29,5.88
2025-03-31,CNC-201,Line B,Afternoon,Material Shortage,91,57,5.5
2025-04-28,CNC-201,Line B,Night,Operator Break / Shift Change,11,57,8.5
2025-08-27,CNC-102,Line A,Morning,Unplanned Breakdown,143,39,7.99
2025-10-12,CNC-101,Line A,Morning,Tool Change / Wear,30,43,8.5
2025-09-03,CNC-301,Line C,Morning,Material Shortage,48,32,9.17
2025-03-03,CNC-102,Line A,Morning,Changeover / Setup,58,38,7.01
2025-01-22,CNC-101,Line A,Morning,Quality Hold / Inspection,21,45,6.63
2025-02-04,CNC-101,Line A,Afternoon,Operator Break / Shift Change,17,39,7.94
2025-12-19,CNC-301,Line C,Night,Changeover / Setup,46,30,8.93
2025-11-30,CNC-102,Line A,Night,Preventive Maintenance,87,41,7.49
2025-03-04,CNC-201,Line B,Night,Quality Hold / Inspection,36,52,6.15
2025-04-15,CNC-201,Line B,Night,Operator Break / Shift Change,17,52,4.53
2025-09-27,CNC-301,Line C,Night,Preventive Maintenance,75,32,6.34
2025-11-18,CNC-202,Line B,Afternoon,Operator Break / Shift Change,14,51,8.52
2025-11-08,CNC-102,Line A,Morning,Quality Hold / Inspection,30,39,7.35
2025-02-18,CNC-202,Line B,Morning,Preventive Maintenance,65,47,5.37
2025-05-26,CNC-201,Line B,Night,Tool Change / Wear,34,56,7.58
2025-05-13,CNC-301,Line C,Morning,Preventive Maintenance,88,28,8.31
2025-10-27,CNC-201,Line B,Afternoon,Unplanned Breakdown,120,52,4.71
2025-03-27,CNC-301,Line C,Morning,Quality Hold / Inspection,31,31,6.92
2025-07-16,CNC-201,Line B,Afternoon,Tool Change / Wear,20,57,7.53
2025-03-24,CNC-201,Line B,Night,Quality Hold / Inspection,50,54,8.63
2025-08-20,CNC-301,Line C,Morning,Preventive Maintenance,90,27,4.57
2025-12-24,CNC-301,Line C,Afternoon,Material Shortage,44,27,6.35
2025-01-14,CNC-101,Line A,Morning,Material Shortage,70,45,9.18
2025-07-09,CNC-301,Line C,Morning,Operator Break / Shift Change,11,32,7.93
2025-02-10,CNC-202,Line B,Afternoon,Operator Break / Shift Change,11,50,5.33
2025-06-09,CNC-201,Line B,Afternoon,Quality Hold / Inspection,19,52,6.44
2025-06-01,CNC-102,Line A,Afternoon,Operator Break / Shift Change,20,40,8.93
2025-10-05,CNC-301,Line C,Morning,Operator Break / Shift Change,19,33,9.34
2025-02-01,CNC-101,Line A,Afternoon,Operator Break / Shift Change,19,45,7.12
2025-03-16,CNC-202,Line B,Afternoon,Preventive Maintenance,63,52,9.08
2025-11-09,CNC-102,Line A,Night,Quality Hold / Inspection,38,40,5.94
2025-04-11,CNC-202,Line B,Night,Material Shortage,61,49,5.52
2025-08-20,CNC-101,Line A,Morning,Tool Change / Wear,41,40,5.39
2025-10-30,CNC-202,Line B,Afternoon,Material Shortage,77,50,6.36
2025-09-27,CNC-301,Line C,Night,Material Shortage,118,27,5.21
2025-08-31,CNC-201,Line B,Morning,Operator Break / Shift Change,20,54,8.82
2025-08-27,CNC-202,Line B,Night,Material Shortage,87,53,7.48
2025-07-22,CNC-202,Line B,Afternoon,Preventive Maintenance,61,48,8.12
2025-10-22,CNC-102,Line A,Night,Material Shortage,53,41,8.86
2025-06-15,CNC-101,Line A,Morning,Preventive Maintenance,84,42,7.42
2025-05-15,CNC-101,Line A,Afternoon,Preventive Maintenance,63,44,8.06
2025-10-04,CNC-201,Line B,Morning,Material Shortage,89,58,7.88
2025-07-05,CNC-101,Line A,Night,Operator Break / Shift Change,18,45,5.62
2025-04-07,CNC-202,Line B,Night,Material Shortage,78,47,7.91
2025-09-04,CNC-202,Line B,Night,Unplanned Breakdown,66,53,9.43
2025-09-25,CNC-202,Line B,Night,Material Shortage,74,47,7.41
2025-08-17,CNC-202,Line B,Afternoon,Material Shortage,54,47,7.95
2025-09-02,CNC-301,Line C,Morning,Operator Break / Shift Change,19,33,7.63
2025-09-08,CNC-101,Line A,Morning,Quality Hold / Inspection,25,44,8.17
2025-01-23,CNC-301,Line C,Afternoon,Tool Change / Wear,45,29,5.99
2025-04-29,CNC-301,Line C,Morning,Material Shortage,79,27,8.02
2025-11-14,CNC-201,Line B,Night,Changeover / Setup,38,54,4.81
2025-12-14,CNC-101,Line A,Afternoon,Material Shortage,119,42,4.6
2025-12-02,CNC-301,Line C,Night,Quality Hold / Inspection,33,28,8.67
2025-12-19,CNC-301,Line C,Night,Tool Change / Wear,35,32,8.5
2025-03-17,CNC-202,Line B,Afternoon,Tool Change / Wear,40,52,9.34
2025-06-24,CNC-202,Line B,Afternoon,Changeover / Setup,34,50,9.44
2025-07-12,CNC-101,Line A,Morning,Quality Hold / Inspection,49,41,9.3
2025-01-22,CNC-101,Line A,Morning,Quality Hold / Inspection,48,42,4.75
2025-11-08,CNC-201,Line B,Morning,Unplanned Breakdown,197,52,9.37
2025-12-02,CNC-101,Line A,Morning,Preventive Maintenance,61,43,6.07
2025-01-11,CNC-301,Line C,Night,Unplanned Breakdown,135,28,9.34
2025-12-25,CNC-301,Line C,Morning,Tool Change / Wear,44,29,8.95
2025-09-11,CNC-201,Line B,Afternoon,Quality Hold / Inspection,34,54,6.34
2025-11-28,CNC-102,Line A,Morning,Material Shortage,45,36,8.07
2025-04-26,CNC-201,Line B,Morning,Material Shortage,116,56,7.95
2025-01-06,CNC-301,Line C,Morning,Unplanned Breakdown,198,33,9.11
2025-05-31,CNC-202,Line B,Afternoon,Quality Hold / Inspection,29,52,7.33
2025-10-05,CNC-202,Line B,Afternoon,Tool Change / Wear,17,53,7.52
2025-05-28,CNC-202,Line B,Morning,Material Shortage,97,49,8.33
2025-09-22,CNC-202,Line B,Afternoon,Preventive Maintenance,55,50,6.42
2025-06-15,CNC-102,Line A,Night,Operator Break / Shift Change,15,39,7.74
2025-12-24,CNC-202,Line B,Morning,Operator Break / Shift Change,12,51,6.35
2025-03-30,CNC-101,Line A,Morning,Changeover / Setup,55,44,5.86
2025-05-07,CNC-102,Line A,Afternoon,Operator Break / Shift Change,14,40,9.18
2025-08-05,CNC-201,Line B,Afternoon,Material Shortage,110,52,6.75
2025-08-04,CNC-202,Line B,Night,Unplanned Breakdown,167,50,5.17
2025-05-25,CNC-101,Line A,Afternoon,Tool Change / Wear,43,45,8.65
2025-10-07,CNC-102,Line A,Night,Unplanned Breakdown,225,38,5.04
2025-10-15,CNC-101,Line A,Night,Preventive Maintenance,68,45,8.31
2025-12-30,CNC-202,Line B,Night,Tool Change / Wear,16,48,5.7
2025-02-07,CNC-101,Line A,Night,Material Shortage,36,40,7.09
2025-12-12,CNC-202,Line B,Night,Material Shortage,83,53,6.98
2025-11-23,CNC-101,Line A,Morning,Changeover / Setup,54,42,6.87
2025-11-05,CNC-301,Line C,Night,Unplanned Breakdown,92,33,7.97
2025-06-10,CNC-202,Line B,Afternoon,Operator Break / Shift Change,16,47,6.48
2025-06-27,CNC-101,Line A,Morning,Quality Hold / Inspection,23,42,9.1
2025-02-03,CNC-101,Line A,Morning,Tool Change / Wear,34,44,5.0
2025-09-27,CNC-101,Line A,Night,Quality Hold / Inspection,42,43,5.4
2025-11-08,CNC-201,Line B,Afternoon,Unplanned Breakdown,189,58,8.04
2025-05-22,CNC-101,Line A,Morning,Material Shortage,64,40,4.87
2025-11-29,CNC-102,Line A,Morning,Operator Break / Shift Change,16,40,7.49
2025-01-27,CNC-301,Line C,Night,Tool Change / Wear,33,27,9.14
2025-10-22,CNC-301,Line C,Morning,Tool Change / Wear,34,29,8.18
2025-02-19,CNC-102,Line A,Night,Tool Change / Wear,29,39,5.61
2025-06-24,CNC-101,Line A,Night,Changeover / Setup,46,41,5.3
2025-09-25,CNC-301,Line C,Morning,Tool Change / Wear,42,29,8.83
2025-05-24,CNC-101,Line A,Morning,Quality Hold / Inspection,23,39,4.56
2025-09-12,CNC-301,Line C,Afternoon,Preventive Maintenance,67,28,7.57
2025-05-28,CNC-201,Line B,Morning,Tool Change / Wear,43,58,8.39
2025-12-01,CNC-102,Line A,Night,Changeover / Setup,49,36,4.95
2025-10-09,CNC-301,Line C,Afternoon,Changeover / Setup,51,27,8.93
2025-02-28,CNC-101,Line A,Morning,Unplanned Breakdown,171,43,6.5
2025-02-25,CNC-301,Line C,Morning,Quality Hold / Inspection,31,29,6.14
2025-07-23,CNC-301,Line C,Afternoon,Quality Hold / Inspection,21,30,5.17
2025-08-24,CNC-301,Line C,Morning,Preventive Maintenance,80,31,9.13
2025-01-02,CNC-202,Line B,Afternoon,Tool Change / Wear,17,50,4.98
2025-09-19,CNC-201,Line B,Morning,Quality Hold / Inspection,33,56,5.72
2025-01-19,CNC-101,Line A,Night,Material Shortage,107,43,5.08
2025-09-11,CNC-102,Line A,Morning,Operator Break / Shift Change,19,39,8.44
2025-11-21,CNC-202,Line B,Morning,Material Shortage,32,47,8.8
2025-06-28,CNC-202,Line B,Afternoon,Unplanned Breakdown,189,53,6.85
2025-03-08,CNC-202,Line B,Night,Changeover / Setup,50,52,8.66
2025-08-16,CNC-102,Line A,Morning,Unplanned Breakdown,152,35,8.82
2025-07-10,CNC-201,Line B,Morning,Material Shortage,110,55,6.67
2025-01-10,CNC-101,Line A,Afternoon,Operator Break / Shift Change,11,39,6.51
2025-04-18,CNC-102,Line A,Morning,Changeover / Setup,54,39,7.79
2025-04-08,CNC-301,Line C,Afternoon,Operator Break / Shift Change,11,27,8.55
2025-03-23,CNC-201,Line B,Morning,Material Shortage,94,55,9.33
2025-11-23,CNC-301,Line C,Morning,Changeover / Setup,39,27,9.18
2025-08-21,CNC-202,Line B,Afternoon,Preventive Maintenance,47,52,4.85
2025-12-03,CNC-101,Line A,Night,Changeover / Setup,56,44,7.43
2025-08-09,CNC-101,Line A,Afternoon,Material Shortage,69,40,5.74
2025-11-26,CNC-301,Line C,Night,Unplanned Breakdown,160,30,9.22
2025-07-14,CNC-101,Line A,Night,Material Shortage,72,41,5.14
2025-05-18,CNC-101,Line A,Morning,Operator Break / Shift Change,14,44,8.93
2025-09-17,CNC-102,Line A,Morning,Tool Change / Wear,41,39,7.88
2025-03-15,CNC-301,Line C,Morning,Changeover / Setup,37,28,9.3
2025-12-31,CNC-301,Line C,Night,Tool Change / Wear,41,30,9.31
2025-03-29,CNC-202,Line B,Afternoon,Changeover / Setup,48,52,5.78
2025-01-18,CNC-101,Line A,Afternoon,Material Shortage,72,41,8.82
2025-12-15,CNC-201,Line B,Afternoon,Tool Change / Wear,40,55,9.22
2025-01-27,CNC-301,Line C,Morning,Operator Break / Shift Change,16,30,9.21
2025-06-03,CNC-102,Line A,Morning,Operator Break / Shift Change,11,39,9.21
2025-09-02,CNC-301,Line C,Night,Operator Break / Shift Change,12,27,8.15
2025-05-06,CNC-301,Line C,Afternoon,Unplanned Breakdown,207,32,5.84
2025-01-09,CNC-202,Line B,Night,Quality Hold / Inspection,41,48,4.97
2025-07-19,CNC-301,Line C,Morning,Unplanned Breakdown,79,31,7.72
2025-12-12,CNC-201,Line B,Night,Material Shortage,36,54,4.54
2025-08-11,CNC-202,Line B,Morning,Quality Hold / Inspection,33,51,5.66
2025-09-27,CNC-101,Line A,Afternoon,Material Shortage,100,45,6.75
2025-09-12,CNC-201,Line B,Afternoon,Quality Hold / Inspection,33,55,7.54
2025-09-09,CNC-201,Line B,Night,Quality Hold / Inspection,18,55,6.04
2025-05-22,CNC-101,Line A,Afternoon,Material Shortage,119,45,8.18
2025-10-31,CNC-202,Line B,Morning,Changeover / Setup,24,51,8.28
2025-10-28,CNC-102,Line A,Morning,Material Shortage,48,38,9.14
2025-05-01,CNC-101,Line A,Afternoon,Preventive Maintenance,70,43,5.07
2025-11-08,CNC-102,Line A,Morning,Quality Hold / Inspection,15,39,5.58
2025-03-31,CNC-102,Line A,Morning,Operator Break / Shift Change,12,35,9.32
2025-05-10,CNC-102,Line A,Night,Preventive Maintenance,88,38,4.55
2025-05-28,CNC-301,Line C,Morning,Preventive Maintenance,69,29,9.18
2025-03-03,CNC-101,Line A,Night,Preventive Maintenance,47,42,9.05
2025-09-26,CNC-301,Line C,Afternoon,Material Shortage,47,27,5.19
2025-08-28,CNC-101,Line A,Morning,Quality Hold / Inspection,40,40,5.16
2025-05-11,CNC-101,Line A,Morning,Changeover / Setup,28,42,8.37
2025-08-17,CNC-102,Line A,Morning,Unplanned Breakdown,239,39,8.46
2025-05-02,CNC-101,Line A,Morning,Preventive Maintenance,89,44,9.15
2025-04-20,CNC-301,Line C,Morning,Preventive Maintenance,80,31,6.54
2025-02-17,CNC-202,Line B,Afternoon,Changeover / Setup,54,52,6.29
2025-03-04,CNC-301,Line C,Morning,Changeover / Setup,45,28,7.48
2025-05-15,CNC-102,Line A,Night,Material Shortage,40,40,7.18
2025-04-14,CNC-301,Line C,Morning,Quality Hold / Inspection,29,27,8.04
2025-09-28,CNC-101,Line A,Night,Tool Change / Wear,22,42,7.65
2025-07-25,CNC-102,Line A,Afternoon,Material Shortage,52,37,7.3
2025-05-09,CNC-102,Line A,Afternoon,Changeover / Setup,30,35,6.48
2025-08-20,CNC-201,Line B,Afternoon,Tool Change / Wear,16,56,7.71
2025-10-12,CNC-301,Line C,Night,Operator Break / Shift Change,20,30,6.12
2025-08-24,CNC-202,Line B,Afternoon,Tool Change / Wear,39,53,9.22
2025-11-19,CNC-301,Line C,Morning,Changeover / Setup,47,30,6.09
2025-08-19,CNC-102,Line A,Afternoon,Preventive Maintenance,69,36,7.12
2025-06-19,CNC-101,Line A,Morning,Quality Hold / Inspection,39,43,5.99
2025-02-24,CNC-102,Line A,Night,Material Shortage,73,36,6.35
2025-11-04,CNC-202,Line B,Morning,Material Shortage,73,48,5.01
2025-03-11,CNC-102,Line A,Morning,Changeover / Setup,36,40,4.58
2025-05-19,CNC-201,Line B,Morning,Operator Break / Shift Change,20,55,5.62
2025-07-06,CNC-202,Line B,Night,Changeover / Setup,55,49,5.15
2025-07-29,CNC-101,Line A,Afternoon,Quality Hold / Inspection,40,41,7.85
2025-07-15,CNC-201,Line B,Afternoon,Quality Hold / Inspection,35,55,5.34
2025-07-22,CNC-101,Line A,Afternoon,Unplanned Breakdown,174,43,9.46
2025-02-13,CNC-202,Line B,Night,Changeover / Setup,48,47,7.4
2025-03-07,CNC-102,Line A,Afternoon,Unplanned Breakdown,154,40,9.24
2025-11-21,CNC-202,Line B,Afternoon,Changeover / Setup,58,49,8.84
2025-05-01,CNC-201,Line B,Night,Unplanned Breakdown,138,52,5.42
2025-09-25,CNC-202,Line B,Afternoon,Changeover / Setup,56,53,9.07
2025-05-11,CNC-201,Line B,Night,Unplanned Breakdown,172,54,8.11
2025-02-11,CNC-102,Line A,Night,Preventive Maintenance,88,36,6.99
2025-11-22,CNC-301,Line C,Morning,Material Shortage,57,28,5.03
2025-03-07,CNC-101,Line A,Afternoon,Unplanned Breakdown,196,40,6.05
2025-07-23,CNC-102,Line A,Night,Tool Change / Wear,30,40,5.15
2025-09-14,CNC-102,Line A,Night,Material Shortage,35,37,6.25
2025-04-10,CNC-101,Line A,Night,Unplanned Breakdown,207,41,7.39
2025-02-05,CNC-102,Line A,Morning,Changeover / Setup,52,39,6.97
2025-02-21,CNC-201,Line B,Morning,Unplanned Breakdown,235,55,4.84
2025-07-25,CNC-101,Line A,Night,Changeover / Setup,45,45,5.52
2025-11-18,CNC-102,Line A,Afternoon,Tool Change / Wear,33,41,7.16
2025-11-28,CNC-202,Line B,Afternoon,Unplanned Breakdown,154,51,7.92
2025-07-01,CNC-202,Line B,Afternoon,Operator Break / Shift Change,19,51,5.17
2025-07-02,CNC-301,Line C,Afternoon,Changeover / Setup,48,33,5.17
2025-07-26,CNC-201,Line B,Night,Changeover / Setup,55,56,7.99
2025-01-30,CNC-101,Line A,Afternoon,Preventive Maintenance,87,42,6.18
2025-04-16,CNC-102,Line A,Morning,Quality Hold / Inspection,37,37,8.47
2025-07-29,CNC-101,Line A,Night,Tool Change / Wear,44,39,7.25
2025-08-12,CNC-201,Line B,Afternoon,Preventive Maintenance,84,58,7.97
2025-01-08,CNC-201,Line B,Night,Preventive Maintenance,59,52,4.85
2025-06-03,CNC-202,Line B,Morning,Unplanned Breakdown,215,50,5.29
2025-06-11,CNC-301,Line C,Afternoon,Unplanned Breakdown,173,28,9.07
2025-05-08,CNC-301,Line C,Afternoon,Unplanned Breakdown,236,28,8.91
2025-02-20,CNC-102,Line A,Morning,Tool Change / Wear,43,35,6.11
2025-01-29,CNC-101,Line A,Morning,Quality Hold / Inspection,44,44,5.26
2025-02-07,CNC-301,Line C,Afternoon,Material Shortage,61,30,7.26
2025-03-01,CNC-201,Line B,Night,Quality Hold / Inspection,43,57,9.12
2025-03-06,CNC-201,Line B,Night,Tool Change / Wear,36,54,8.88
2025-09-25,CNC-102,Line A,Morning,Changeover / Setup,44,39,7.39
2025-11-14,CNC-301,Line C,Night,Changeover / Setup,57,27,8.33
2025-04-10,CNC-202,Line B,Morning,Preventive Maintenance,65,52,6.58
2025-10-26,CNC-201,Line B,Night,Unplanned Breakdown,193,57,6.18
2025-10-11,CNC-101,Line A,Night,Tool Change / Wear,16,44,5.21
2025-08-30,CNC-202,Line B,Morning,Operator Break / Shift Change,18,47,5.78
2025-08-04,CNC-301,Line C,Afternoon,Operator Break / Shift Change,15,33,6.93
2025-06-12,CNC-202,Line B,Morning,Quality Hold / Inspection,18,48,4.67
2025-03-04,CNC-301,Line C,Afternoon,Changeover / Setup,25,31,7.82
2025-07-26,CNC-101,Line A,Morning,Operator Break / Shift Change,12,45,8.82
2025-10-13,CNC-301,Line C,Afternoon,Preventive Maintenance,69,33,5.29
2025-08-13,CNC-201,Line B,Afternoon,Preventive Maintenance,73,54,8.0
2025-09-29,CNC-201,Line B,Night,Tool Change / Wear,35,55,7.39
2025-01-06,CNC-102,Line A,Morning,Quality Hold / Inspection,32,41,7.7
2025-07-24,CNC-102,Line A,Morning,Unplanned Breakdown,61,40,8.22
2025-05-13,CNC-201,Line B,Morning,Tool Change / Wear,22,55,7.69
2025-09-14,CNC-101,Line A,Night,Quality Hold / Inspection,22,44,8.74
2025-03-15,CNC-102,Line A,Night,Material Shortage,102,35,7.53
2025-03-21,CNC-202,Line B,Afternoon,Material Shortage,110,51,5.95
2025-01-14,CNC-202,Line B,Morning,Tool Change / Wear,43,48,6.35
2025-04-13,CNC-101,Line A,Afternoon,Preventive Maintenance,65,45,5.92
2025-06-12,CNC-301,Line C,Afternoon,Operator Break / Shift Change,13,29,6.34
2025-02-24,CNC-101,Line A,Morning,Operator Break / Shift Change,10,39,8.23
2025-08-01,CNC-101,Line A,Morning,Quality Hold / Inspection,37,40,8.39
2025-02-20,CNC-101,Line A,Night,Material Shortage,84,44,5.04
2025-07-23,CNC-301,Line C,Night,Material Shortage,78,29,7.45
2025-09-01,CNC-102,Line A,Afternoon,Tool Change / Wear,16,36,9.11
2025-06-11,CNC-102,Line A,Night,Changeover / Setup,39,37,8.71
2025-06-08,CNC-201,Line B,Morning,Unplanned Breakdown,102,53,8.54
2025-05-12,CNC-102,Line A,Afternoon,Preventive Maintenance,69,37,9.32
2025-07-24,CNC-301,Line C,Night,Changeover / Setup,36,33,7.18
2025-06-19,CNC-102,Line A,Morning,Material Shortage,48,37,8.81
2025-12-06,CNC-101,Line A,Afternoon,Operator Break / Shift Change,14,44,7.52
2025-09-18,CNC-201,Line B,Afternoon,Operator Break / Shift Change,14,52,7.39
2025-08-06,CNC-301,Line C,Morning,Preventive Maintenance,81,30,8.74
2025-04-22,CNC-202,Line B,Morning,Preventive Maintenance,84,48,6.79
2025-09-15,CNC-202,Line B,Morning,Operator Break / Shift Change,15,51,7.18
2025-04-18,CNC-201,Line B,Night,Changeover / Setup,21,53,7.44
2025-03-10,CNC-201,Line B,Morning,Preventive Maintenance,67,53,7.35
2025-12-12,CNC-301,Line C,Afternoon,Preventive Maintenance,63,27,6.94
2025-03-13,CNC-201,Line B,Morning,Material Shortage,77,58,7.1
2025-07-17,CNC-202,Line B,Afternoon,Quality Hold / Inspection,25,53,7.07
2025-07-08,CNC-202,Line B,Afternoon,Changeover / Setup,21,51,8.61
2025-05-06,CNC-202,Line B,Morning,Unplanned Breakdown,239,53,5.16
2025-06-13,CNC-201,Line B,Afternoon,Changeover / Setup,42,53,8.69
2025-01-28,CNC-202,Line B,Morning,Changeover / Setup,24,51,7.74
2025-12-03,CNC-102,Line A,Morning,Tool Change / Wear,22,41,6.99
2025-09-26,CNC-101,Line A,Afternoon,Preventive Maintenance,70,44,6.09
2025-08-18,CNC-202,Line B,Afternoon,Material Shortage,67,53,5.82
2025-10-02,CNC-202,Line B,Night,Material Shortage,68,50,8.23
2025-12-18,CNC-301,Line C,Afternoon,Preventive Maintenance,71,33,5.64
2025-02-07,CNC-102,Line A,Afternoon,Operator Break / Shift Change,17,41,4.76
2025-04-24,CNC-301,Line C,Afternoon,Material Shortage,39,30,9.45
2025-04-09,CNC-202,Line B,Morning,Preventive Maintenance,58,53,8.82
2025-11-26,CNC-202,Line B,Morning,Quality Hold / Inspection,35,53,5.91
2025-05-06,CNC-101,Line A,Night,Changeover / Setup,58,43,5.34
2025-10-26,CNC-102,Line A,Night,Tool Change / Wear,24,38,9.35
2025-02-20,CNC-201,Line B,Afternoon,Changeover / Setup,44,56,7.15
2025-08-12,CNC-102,Line A,Afternoon,Material Shortage,78,36,5.81
2025-08-21,CNC-102,Line A,Night,Operator Break / Shift Change,16,41,6.35
2025-07-12,CNC-201,Line B,Night,Quality Hold / Inspection,38,52,7.27
2025-03-03,CNC-201,Line B,Night,Quality Hold / Inspection,36,57,4.92
2025-01-16,CNC-102,Line A,Night,Tool Change / Wear,18,35,9.23
2025-12-27,CNC-102,Line A,Afternoon,Operator Break / Shift Change,19,38,6.44
2025-12-03,CNC-202,Line B,Morning,Tool Change / Wear,41,49,5.27
2025-02-14,CNC-301,Line C,Afternoon,Material Shortage,101,29,4.95
2025-11-18,CNC-102,Line A,Afternoon,Operator Break / Shift Change,19,35,7.46
2025-12-31,CNC-201,Line B,Afternoon,Quality Hold / Inspection,23,54,7.34
2025-07-21,CNC-101,Line A,Night,Tool Change / Wear,22,39,5.14
2025-02-07,CNC-301,Line C,Afternoon,Changeover / Setup,52,32,5.87
2025-06-26,CNC-102,Line A,Afternoon,Material Shortage,64,41,6.43
2025-12-19,CNC-101,Line A,Night,Material Shortage,88,45,7.08
2025-10-04,CNC-202,Line B,Night,Preventive Maintenance,57,51,6.19
2025-06-19,CNC-202,Line B,Morning,Tool Change / Wear,29,49,5.55
2025-12-08,CNC-202,Line B,Morning,Preventive Maintenance,50,53,7.02
2025-01-29,CNC-102,Line A,Night,Operator Break / Shift Change,14,39,8.54
2025-12-20,CNC-201,Line B,Afternoon,Changeover / Setup,45,58,5.49
2025-12-28,CNC-301,Line C,Afternoon,Material Shortage,40,33,7.17
2025-02-11,CNC-101,Line A,Night,Quality Hold / Inspection,26,40,5.38
2025-05-29,CNC-201,Line B,Morning,Preventive Maintenance,81,53,7.32
2025-02-17,CNC-301,Line C,Night,Quality Hold / Inspection,28,27,8.65
2025-04-14,CNC-202,Line B,Afternoon,Operator Break / Shift Change,17,50,5.34
2025-07-01,CNC-201,Line B,Morning,Material Shortage,57,55,8.62
2025-05-29,CNC-102,Line A,Night,Quality Hold / Inspection,37,39,4.64
2025-06-23,CNC-102,Line A,Night,Tool Change / Wear,24,38,7.81
2025-05-07,CNC-301,Line C,Afternoon,Quality Hold / Inspection,49,30,5.59
2025-03-02,CNC-102,Line A,Night,Changeover / Setup,37,39,4.78
2025-09-06,CNC-201,Line B,Morning,Preventive Maintenance,78,57,8.88
2025-08-14,CNC-201,Line B,Afternoon,Tool Change / Wear,22,52,5.25
2025-09-06,CNC-202,Line B,Morning,Material Shortage,88,53,8.89
2025-09-30,CNC-202,Line B,Morning,Unplanned Breakdown,228,50,6.35
2025-05-01,CNC-301,Line C,Morning,Preventive Maintenance,53,31,6.42
2025-12-07,CNC-201,Line B,Afternoon,Changeover / Setup,29,53,7.92
2025-07-01,CNC-202,Line B,Afternoon,Quality Hold / Inspection,22,53,8.96
2025-07-12,CNC-301,Line C,Afternoon,Unplanned Breakdown,101,28,5.6
2025-09-27,CNC-301,Line C,Night,Preventive Maintenance,62,30,7.08
2025-06-03,CNC-102,Line A,Morning,Tool Change / Wear,25,36,8.94
2025-01-07,CNC-301,Line C,Morning,Unplanned Breakdown,198,33,8.15
2025-07-27,CNC-101,Line A,Morning,Preventive Maintenance,72,39,4.82
2025-11-21,CNC-201,Line B,Morning,Operator Break / Shift Change,18,53,7.72
2025-12-02,CNC-102,Line A,Morning,Operator Break / Shift Change,20,41,6.7
2025-11-13,CNC-201,Line B,Afternoon,Quality Hold / Inspection,34,57,5.32
2025-01-28,CNC-301,Line C,Afternoon,Quality Hold / Inspection,46,27,6.67
2025-03-09,CNC-101,Line A,Afternoon,Preventive Maintenance,83,43,6.62
2025-12-21,CNC-202,Line B,Afternoon,Preventive Maintenance,82,49,5.71
2025-11-19,CNC-201,Line B,Night,Operator Break / Shift Change,17,54,9.19
2025-08-09,CNC-201,Line B,Night,Quality Hold / Inspection,35,58,6.88
2025-02-02,CNC-201,Line B,Morning,Preventive Maintenance,85,57,4.77
2025-04-27,CNC-102,Line A,Morning,Tool Change / Wear,18,41,9.2
2025-02-12,CNC-101,Line A,Afternoon,Changeover / Setup,60,42,7.95
2025-01-11,CNC-202,Line B,Morning,Unplanned Breakdown,162,47,5.32
2025-02-04,CNC-201,Line B,Afternoon,Preventive Maintenance,59,57,5.24
2025-05-23,CNC-102,Line A,Afternoon,Operator Break / Shift Change,19,35,5.58
2025-05-06,CNC-202,Line B,Night,Operator Break / Shift Change,15,53,5.74
2025-09-18,CNC-301,Line C,Morning,Quality Hold / Inspection,43,32,5.09
2025-06-22,CNC-202,Line B,Afternoon,Operator Break / Shift Change,10,47,7.95
2025-03-14,CNC-202,Line B,Night,Tool Change / Wear,36,52,6.53
2025-10-29,CNC-301,Line C,Afternoon,Operator Break / Shift Change,20,27,9.38
2025-09-29,CNC-101,Line A,Morning,Material Shortage,75,45,5.97
2025-09-01,CNC-102,Line A,Morning,Changeover / Setup,51,38,8.22
2025-09-28,CNC-301,Line C,Night,Material Shortage,88,31,9.03
2025-09-09,CNC-201,Line B,Morning,Quality Hold / Inspection,24,53,8.84
2025-07-22,CNC-101,Line A,Morning,Operator Break / Shift Change,20,45,5.92
2025-08-26,CNC-101,Line A,Afternoon,Changeover / Setup,22,44,8.54
2025-06-29,CNC-201,Line B,Night,Tool Change / Wear,18,55,6.56
2025-03-27,CNC-101,Line A,Night,Unplanned Breakdown,165,44,5.52
2025-06-12,CNC-102,Line A,Afternoon,Unplanned Breakdown,76,37,8.05
2025-10-18,CNC-102,Line A,Afternoon,Material Shortage,54,40,6.29
2025-08-22,CNC-202,Line B,Night,Preventive Maintenance,85,48,7.29
2025-01-14,CNC-301,Line C,Morning,Operator Break / Shift Change,18,29,9.16
2025-06-03,CNC-301,Line C,Afternoon,Operator Break / Shift Change,18,29,7.8
2025-09-07,CNC-301,Line C,Morning,Unplanned Breakdown,176,31,8.98
2025-05-28,CNC-301,Line C,Morning,Quality Hold / Inspection,18,33,9.48
2025-01-23,CNC-202,Line B,Night,Tool Change / Wear,21,53,6.6
2025-06-08,CNC-101,Line A,Morning,Preventive Maintenance,81,44,9.41
2025-10-06,CNC-202,Line B,Morning,Changeover / Setup,23,50,6.44
2025-11-11,CNC-202,Line B,Morning,Operator Break / Shift Change,12,47,5.0
2025-11-09,CNC-102,Line A,Afternoon,Tool Change / Wear,17,37,6.97
2025-10-28,CNC-301,Line C,Afternoon,Quality Hold / Inspection,24,33,7.33
2025-08-29,CNC-301,Line C,Morning,Quality Hold / Inspection,29,28,7.93
2025-11-15,CNC-301,Line C,Afternoon,Preventive Maintenance,50,32,4.83
2025-06-13,CNC-102,Line A,Afternoon,Preventive Maintenance,73,36,9.3
2025-02-03,CNC-301,Line C,Afternoon,Preventive Maintenance,75,29,4.66
2025-03-18,CNC-301,Line C,Afternoon,Tool Change / Wear,29,30,7.9
2025-10-11,CNC-201,Line B,Afternoon,Tool Change / Wear,20,57,4.75
2025-03-02,CNC-301,Line C,Afternoon,Quality Hold / Inspection,20,31,7.47
2025-02-17,CNC-101,Line A,Afternoon,Tool Change / Wear,41,42,7.58
2025-09-23,CNC-201,Line B,Afternoon,Material Shortage,44,56,7.48
2025-12-30,CNC-102,Line A,Afternoon,Operator Break / Shift Change,12,35,7.57
2025-06-21,CNC-301,Line C,Afternoon,Material Shortage,96,31,7.12
2025-01-01,CNC-101,Line A,Morning,Tool Change / Wear,38,41,5.72
2025-04-29,CNC-102,Line A,Morning,Material Shortage,59,41,6.53
2025-10-26,CNC-301,Line C,Morning,Changeover / Setup,38,33,8.73
2025-01-02,CNC-101,Line A,Morning,Unplanned Breakdown,174,43,5.89
2025-10-09,CNC-102,Line A,Night,Quality Hold / Inspection,33,40,5.52
2025-04-15,CNC-102,Line A,Night,Tool Change / Wear,34,40,7.83
2025-04-10,CNC-201,Line B,Night,Material Shortage,36,54,9.21
2025-07-17,CNC-201,Line B,Morning,Preventive Maintenance,50,55,6.32
2025-07-09,CNC-201,Line B,Night,Unplanned Breakdown,231,57,8.37
2025-09-17,CNC-101,Line A,Night,Unplanned Breakdown,108,41,9.12
2025-09-05,CNC-202,Line B,Morning,Unplanned Breakdown,109,48,4.66
2025-10-18,CNC-301,Line C,Afternoon,Tool Change / Wear,23,28,5.06
2025-02-09,CNC-102,Line A,Afternoon,Unplanned Breakdown,165,35,6.09
2025-03-08,CNC-101,Line A,Morning,Preventive Maintenance,54,45,6.69
2025-07-07,CNC-102,Line A,Morning,Preventive Maintenance,79,38,4.96
2025-05-21,CNC-101,Line A,Morning,Operator Break / Shift Change,14,39,5.53
2025-06-16,CNC-102,Line A,Morning,Operator Break / Shift Change,14,36,5.25
2025-03-27,CNC-201,Line B,Morning,Operator Break / Shift Change,17,56,6.38
2025-04-01,CNC-102,Line A,Morning,Tool Change / Wear,41,38,8.44
2025-08-16,CNC-301,Line C,Night,Operator Break / Shift Change,19,29,9.15
2025-03-28,CNC-201,Line B,Night,Changeover / Setup,38,57,5.54
2025-11-03,CNC-301,Line C,Night,Operator Break / Shift Change,14,29,7.93
2025-11-22,CNC-101,Line A,Morning,Quality Hold / Inspection,48,41,6.98
2025-11-12,CNC-101,Line A,Morning,Changeover / Setup,29,41,7.61
2025-03-19,CNC-201,Line B,Morning,Quality Hold / Inspection,18,58,5.12
2025-03-04,CNC-101,Line A,Afternoon,Material Shortage,97,43,7.55
2025-12-30,CNC-102,Line A,Afternoon,Tool Change / Wear,25,36,6.56
2025-02-05,CNC-201,Line B,Morning,Material Shortage,71,56,5.75
2025-03-23,CNC-201,Line B,Afternoon,Preventive Maintenance,67,52,4.75
2025-01-30,CNC-202,Line B,Night,Quality Hold / Inspection,30,52,6.88
2025-06-12,CNC-202,Line B,Morning,Preventive Maintenance,46,48,5.46
2025-07-02,CNC-101,Line A,Night,Preventive Maintenance,72,45,7.43
2025-02-17,CNC-202,Line B,Afternoon,Changeover / Setup,32,47,9.25
2025-11-23,CNC-102,Line A,Night,Quality Hold / Inspection,34,35,7.73
2025-03-01,CNC-202,Line B,Afternoon,Preventive Maintenance,65,53,9.35
2025-01-10,CNC-301,Line C,Night,Quality Hold / Inspection,19,30,8.54
2025-03-09,CNC-301,Line C,Afternoon,Preventive Maintenance,74,27,5.05
2025-07-01,CNC-101,Line A,Morning,Operator Break / Shift Change,16,39,5.77
2025-10-10,CNC-202,Line B,Night,Changeover / Setup,22,50,5.09
2025-10-03,CNC-202,Line B,Afternoon,Quality Hold / Inspection,42,51,9.09
2025-03-25,CNC-301,Line C,Morning,Operator Break / Shift Change,19,29,6.87
2025-12-06,CNC-102,Line A,Afternoon,Quality Hold / Inspection,38,39,5.5
2025-12-14,CNC-301,Line C,Afternoon,Operator Break / Shift Change,20,32,6.3
2025-07-02,CNC-202,Line B,Afternoon,Preventive Maintenance,65,51,8.91
2025-01-15,CNC-102,Line A,Night,Unplanned Breakdown,235,40,8.76
2025-07-11,CNC-201,Line B,Afternoon,Changeover / Setup,58,52,5.91
2025-01-20,CNC-201,Line B,Afternoon,Operator Break / Shift Change,12,56,7.35
2025-10-04,CNC-301,Line C,Morning,Changeover / Setup,55,27,7.86
2025-05-21,CNC-301,Line C,Afternoon,Unplanned Breakdown,120,29,5.8
2025-10-24,CNC-201,Line B,Night,Changeover / Setup,42,55,6.93
2025-06-07,CNC-102,Line A,Afternoon,Quality Hold / Inspection,29,39,4.8
2025-04-18,CNC-101,Line A,Night,Tool Change / Wear,22,40,9.01
2025-10-29,CNC-102,Line A,Morning,Changeover / Setup,21,38,7.59
2025-07-18,CNC-101,Line A,Night,Preventive Maintenance,87,45,9.34
2025-08-30,CNC-101,Line A,Morning,Unplanned Breakdown,133,39,6.22
2025-09-03,CNC-101,Line A,Night,Preventive Maintenance,54,42,9.35
2025-03-12,CNC-102,Line A,Morning,Operator Break / Shift Change,17,35,5.97
2025-07-30,CNC-101,Line A,Night,Material Shortage,44,41,4.84
2025-12-06,CNC-201,Line B,Morning,Material Shortage,64,56,7.5
2025-07-17,CNC-102,Line A,Morning,Unplanned Breakdown,210,40,8.79
2025-06-02,CNC-202,Line B,Morning,Operator Break / Shift Change,13,48,6.76
2025-03-24,CNC-101,Line A,Afternoon,Preventive Maintenance,80,40,6.31
2025-06-18,CNC-301,Line C,Morning,Preventive Maintenance,84,27,6.86
2025-03-22,CNC-102,Line A,Morning,Material Shortage,89,36,6.2
2025-03-25,CNC-101,Line A,Afternoon,Tool Change / Wear,16,40,8.07
2025-06-23,CNC-202,Line B,Morning,Preventive Maintenance,52,49,5.07
2025-02-10,CNC-201,Line B,Morning,Changeover / Setup,34,57,4.95
2025-04-09,CNC-101,Line A,Morning,Material Shortage,106,44,8.02
2025-09-07,CNC-101,Line A,Afternoon,Quality Hold / Inspection,33,42,5.33
2025-12-02,CNC-202,Line B,Afternoon,Material Shortage,44,50,4.7
2025-07-10,CNC-102,Line A,Afternoon,Preventive Maintenance,49,39,8.61
2025-12-29,CNC-301,Line C,Morning,Changeover / Setup,29,28,5.78
2025-03-28,CNC-201,Line B,Night,Material Shortage,70,55,6.24
2025-06-10,CNC-102,Line A,Afternoon,Changeover / Setup,46,37,6.42
2025-06-06,CNC-202,Line B,Morning,Changeover / Setup,34,53,5.84
2025-09-13,CNC-101,Line A,Night,Operator Break / Shift Change,17,42,8.54
2025-01-07,CNC-301,Line C,Night,Preventive Maintenance,53,28,7.8
2025-11-02,CNC-201,Line B,Afternoon,Tool Change / Wear,34,57,6.31
2025-02-10,CNC-301,Line C,Afternoon,Changeover / Setup,47,28,5.72
2025-03-23,CNC-201,Line B,Morning,Material Shortage,93,54,6.99
2025-11-15,CNC-202,Line B,Morning,Changeover / Setup,23,52,5.72
2025-04-25,CNC-201,Line B,Afternoon,Tool Change / Wear,39,53,7.79
2025-08-23,CNC-101,Line A,Morning,Operator Break / Shift Change,16,39,5.33
2025-11-30,CNC-102,Line A,Night,Quality Hold / Inspection,17,35,5.77
2025-02-09,CNC-202,Line B,Night,Material Shortage,34,48,7.01
2025-03-27,CNC-101,Line A,Afternoon,Tool Change / Wear,21,39,6.71
2025-07-09,CNC-102,Line A,Morning,Tool Change / Wear,20,41,7.19
2025-07-22,CNC-101,Line A,Night,Preventive Maintenance,81,44,4.59
2025-11-02,CNC-102,Line A,Afternoon,Unplanned Breakdown,67,35,8.32
2025-01-30,CNC-301,Line C,Afternoon,Quality Hold / Inspection,16,27,5.97
2025-08-16,CNC-202,Line B,Morning,Unplanned Breakdown,155,53,4.95
2025-09-01,CNC-101,Line A,Night,Unplanned Breakdown,110,43,9.33
2025-01-23,CNC-102,Line A,Night,Tool Change / Wear,19,36,5.66
2025-01-20,CNC-201,Line B,Afternoon,Preventive Maintenance,45,54,5.93
2025-03-07,CNC-102,Line A,Night,Material Shortage,66,41,6.41
2025-11-05,CNC-201,Line B,Night,Changeover / Setup,43,53,8.59
2025-05-18,CNC-301,Line C,Night,Preventive Maintenance,88,32,5.08
2025-12-15,CNC-101,Line A,Night,Quality Hold / Inspection,25,43,5.54
2025-07-23,CNC-102,Line A,Morning,Preventive Maintenance,47,41,7.16
2025-12-10,CNC-102,Line A,Night,Material Shortage,68,39,8.57
2025-12-10,CNC-101,Line A,Night,Material Shortage,118,42,8.84
2025-05-16,CNC-102,Line A,Afternoon,Operator Break / Shift Change,13,35,5.72
2025-01-09,CNC-202,Line B,Afternoon,Preventive Maintenance,81,50,5.71
2025-06-29,CNC-101,Line A,Night,Quality Hold / Inspection,30,39,6.8
2025-03-17,CNC-301,Line C,Afternoon,Operator Break / Shift Change,11,31,7.21
2025-06-26,CNC-301,Line C,Afternoon,Quality Hold / Inspection,43,28,7.56
2025-05-13,CNC-101,Line A,Morning,Changeover / Setup,33,43,7.53
2025-07-20,CNC-202,Line B,Night,Material Shortage,116,50,6.9
2025-09-12,CNC-102,Line A,Night,Operator Break / Shift Change,18,35,6.92
2025-10-29,CNC-201,Line B,Morning,Tool Change / Wear,25,52,7.54
2025-05-21,CNC-102,Line A,Morning,Tool Change / Wear,19,40,5.9
2025-04-23,CNC-102,Line A,Afternoon,Changeover / Setup,38,40,7.97
2025-12-23,CNC-102,Line A,Morning,Tool Change / Wear,17,35,6.62
2025-08-31,CNC-101,Line A,Morning,Preventive Maintenance,62,39,6.82
2025-07-27,CNC-202,Line B,Morning,Quality Hold / Inspection,26,52,6.97
2025-12-26,CNC-102,Line A,Morning,Tool Change / Wear,18,39,6.24
2025-08-07,CNC-301,Line C,Morning,Material Shortage,51,28,8.77
2025-03-27,CNC-102,Line A,Morning,Material Shortage,37,40,5.19
2025-03-27,CNC-202,Line B,Night,Preventive Maintenance,66,51,6.27
2025-07-03,CNC-301,Line C,Night,Operator Break / Shift Change,16,32,8.24
2025-04-14,CNC-202,Line B,Morning,Unplanned Breakdown,95,52,7.23
2025-08-26,CNC-202,Line B,Morning,Changeover / Setup,47,50,9.15
2025-01-01,CNC-301,Line C,Night,Tool Change / Wear,32,28,8.08
2025-06-03,CNC-202,Line B,Night,Changeover / Setup,33,48,6.55
2025-06-10,CNC-102,Line A,Night,Preventive Maintenance,51,41,5.93
2025-06-27,CNC-202,Line B,Night,Operator Break / Shift Change,19,47,6.66
2025-01-23,CNC-102,Line A,Afternoon,Unplanned Breakdown,240,36,4.82
2025-09-19,CNC-301,Line C,Morning,Operator Break / Shift Change,10,27,6.42
2025-07-03,CNC-102,Line A,Night,Changeover / Setup,42,40,5.16
2025-03-21,CNC-101,Line A,Night,Operator Break / Shift Change,19,41,8.71
2025-01-18,CNC-102,Line A,Night,Preventive Maintenance,70,40,9.41
2025-05-10,CNC-301,Line C,Afternoon,Operator Break / Shift Change,12,30,4.85
2025-08-16,CNC-201,Line B,Morning,Unplanned Breakdown,222,55,6.12
2025-12-04,CNC-201,Line B,Morning,Operator Break / Shift Change,19,53,5.56
2025-04-19,CNC-201,Line B,Afternoon,Quality Hold / Inspection,35,52,7.67
2025-03-13,CNC-102,Line A,Morning,Material Shortage,86,38,6.2
2025-04-22,CNC-102,Line A,Afternoon,Tool Change / Wear,20,38,5.88
2025-04-02,CNC-101,Line A,Night,Operator Break / Shift Change,14,44,5.43
2025-03-01,CNC-102,Line A,Night,Quality Hold / Inspection,19,36,9.26
2025-06-02,CNC-201,Line B,Night,Material Shortage,42,58,6.9
2025-02-06,CNC-101,Line A,Afternoon,Quality Hold / Inspection,26,42,7.09
2025-03-12,CNC-101,Line A,Afternoon,Changeover / Setup,31,45,8.4
2025-01-20,CNC-301,Line C,Night,Preventive Maintenance,75,33,9.01
2025-04-14,CNC-102,Line A,Afternoon,Preventive Maintenance,71,37,5.26
2025-12-28,CNC-301,Line C,Night,Changeover / Setup,33,28,8.65
2025-10-13,CNC-101,Line A,Morning,Unplanned Breakdown,142,45,9.32
2025-09-19,CNC-201,Line B,Night,Preventive Maintenance,65,54,5.21
2025-02-06,CNC-201,Line B,Afternoon,Quality Hold / Inspection,25,54,6.56
2025-04-14,CNC-301,Line C,Morning,Operator Break / Shift Change,10,33,4.53
2025-11-28,CNC-101,Line A,Afternoon,Tool Change / Wear,37,43,6.68
2025-04-13,CNC-101,Line A,Morning,Operator Break / Shift Change,19,44,5.52
2025-06-26,CNC-301,Line C,Afternoon,Unplanned Breakdown,86,30,9.06
2025-06-30,CNC-201,Line B,Afternoon,Tool Change / Wear,25,54,8.65
2025-07-12,CNC-301,Line C,Night,Changeover / Setup,33,30,9.03
2025-10-21,CNC-301,Line C,Morning,Tool Change / Wear,15,30,7.85
2025-09-03,CNC-201,Line B,Night,Unplanned Breakdown,227,53,7.41
2025-03-26,CNC-202,Line B,Morning,Preventive Maintenance,69,48,8.61
2025-05-28,CNC-301,Line C,Night,Tool Change / Wear,22,32,5.71
2025-04-25,CNC-202,Line B,Morning,Material Shortage,72,53,6.65
2025-03-05,CNC-102,Line A,Night,Quality Hold / Inspection,36,41,5.14
2025-05-31,CNC-102,Line A,Afternoon,Changeover / Setup,45,39,5.01
2025-11-01,CNC-201,Line B,Night,Tool Change / Wear,41,58,6.01
2025-03-08,CNC-101,Line A,Afternoon,Changeover / Setup,25,45,5.3
2025-03-12,CNC-102,Line A,Afternoon,Quality Hold / Inspection,27,35,6.08
2025-05-20,CNC-301,Line C,Night,Operator Break / Shift Change,10,29,4.51
2025-02-09,CNC-202,Line B,Afternoon,Preventive Maintenance,74,47,8.11
2025-04-13,CNC-102,Line A,Afternoon,Changeover / Setup,39,37,6.3
2025-02-24,CNC-301,Line C,Night,Preventive Maintenance,73,30,5.87
2025-02-14,CNC-101,Line A,Morning,Changeover / Setup,53,43,9.07
2025-07-10,CNC-202,Line B,Night,Tool Change / Wear,32,47,7.71
2025-03-14,CNC-202,Line B,Morning,Changeover / Setup,59,50,5.87
2025-09-12,CNC-101,Line A,Morning,Unplanned Breakdown,238,40,7.56
2025-10-15,CNC-101,Line A,Morning,Unplanned Breakdown,109,39,9.43
2025-01-20,CNC-101,Line A,Afternoon,Changeover / Setup,52,41,7.83
2025-05-04,CNC-202,Line B,Morning,Changeover / Setup,25,50,8.83
2025-02-22,CNC-202,Line B,Afternoon,Quality Hold / Inspection,21,49,8.73
2025-05-18,CNC-201,Line B,Night,Preventive Maintenance,49,54,8.06
2025-09-23,CNC-101,Line A,Night,Material Shortage,85,43,8.44
2025-10-03,CNC-201,Line B,Night,Operator Break / Shift Change,10,52,9.09
2025-11-26,CNC-102,Line A,Morning,Changeover / Setup,48,38,8.87
2025-05-25,CNC-201,Line B,Night,Tool Change / Wear,20,56,6.67
2025-02-03,CNC-101,Line A,Night,Changeover / Setup,57,42,6.03
2025-06-22,CNC-201,Line B,Morning,Unplanned Breakdown,65,56,7.02
2025-02-12,CNC-202,Line B,Afternoon,Operator Break / Shift Change,10,51,8.23
2025-10-27,CNC-202,Line B,Night,Material Shortage,63,49,5.42
2025-10-07,CNC-202,Line B,Night,Tool Change / Wear,16,47,4.85
2025-01-16,CNC-202,Line B,Night,Quality Hold / Inspection,50,53,6.53
2025-01-02,CNC-301,Line C,Morning,Quality Hold / Inspection,17,32,6.8
2025-07-16,CNC-102,Line A,Afternoon,Material Shortage,89,38,6.29
2025-07-17,CNC-101,Line A,Morning,Preventive Maintenance,79,42,7.77
2025-03-18,CNC-101,Line A,Night,Operator Break / Shift Change,20,40,8.47
2025-07-22,CNC-301,Line C,Night,Unplanned Breakdown,87,27,5.51
2025-12-01,CNC-201,Line B,Morning,Unplanned Breakdown,126,52,6.07
2025-10-04,CNC-301,Line C,Afternoon,Material Shortage,74,28,8.13
2025-02-26,CNC-101,Line A,Night,Material Shortage,52,40,6.4
2025-01-14,CNC-202,Line B,Night,Material Shortage,99,52,6.01
2025-05-13,CNC-102,Line A,Morning,Changeover / Setup,23,41,8.99
2025-09-19,CNC-201,Line B,Afternoon,Preventive Maintenance,77,52,5.53
2025-07-01,CNC-201,Line B,Morning,Operator Break / Shift Change,15,52,8.29
2025-12-17,CNC-102,Line A,Afternoon,Changeover / Setup,30,40,5.96
2025-03-20,CNC-101,Line A,Afternoon,Changeover / Setup,32,44,9.28
2025-02-21,CNC-101,Line A,Afternoon,Unplanned Breakdown,165,41,8.64
2025-01-06,CNC-201,Line B,Morning,Changeover / Setup,52,58,5.39
2025-10-01,CNC-101,Line A,Morning,Material Shortage,53,45,7.14
2025-09-20,CNC-202,Line B,Afternoon,Tool Change / Wear,41,53,9.1
2025-05-07,CNC-301,Line C,Afternoon,Quality Hold / Inspection,28,30,5.84
2025-07-22,CNC-301,Line C,Afternoon,Preventive Maintenance,82,27,5.65
2025-07-19,CNC-201,Line B,Afternoon,Material Shortage,58,56,6.53
2025-03-06,CNC-201,Line B,Morning,Unplanned Breakdown,212,55,5.27
2025-02-01,CNC-102,Line A,Afternoon,Changeover / Setup,20,40,7.17
2025-09-05,CNC-301,Line C,Morning,Material Shortage,58,32,7.86
2025-11-01,CNC-101,Line A,Night,Changeover / Setup,46,40,7.28
2025-02-23,CNC-301,Line C,Night,Quality Hold / Inspection,32,27,5.4
2025-07-04,CNC-201,Line B,Afternoon,Unplanned Breakdown,128,58,8.43
2025-12-22,CNC-102,Line A,Night,Unplanned Breakdown,208,39,8.07
2025-04-01,CNC-101,Line A,Morning,Quality Hold / Inspection,17,40,6.59
2025-09-15,CNC-301,Line C,Afternoon,Changeover / Setup,42,27,9.35
2025-06-21,CNC-101,Line A,Afternoon,Operator Break / Shift Change,13,40,7.97
2025-03-10,CNC-202,Line B,Night,Tool Change / Wear,31,49,4.84
2025-05-02,CNC-102,Line A,Afternoon,Material Shortage,66,36,5.44
2025-06-20,CNC-102,Line A,Afternoon,Material Shortage,81,38,9.33
2025-10-22,CNC-101,Line A,Morning,Quality Hold / Inspection,16,42,6.82
2025-10-11,CNC-202,Line B,Night,Tool Change / Wear,29,51,5.35
2025-01-20,CNC-102,Line A,Night,Changeover / Setup,55,36,5.46
2025-11-24,CNC-201,Line B,Morning,Material Shortage,72,57,6.61
2025-06-12,CNC-301,Line C,Night,Preventive Maintenance,70,32,9.12
2025-09-26,CNC-301,Line C,Night,Operator Break / Shift Change,12,28,4.56
2025-03-13,CNC-301,Line C,Afternoon,Changeover / Setup,26,27,6.14
2025-07-27,CNC-102,Line A,Afternoon,Preventive Maintenance,47,40,6.42
2025-11-05,CNC-101,Line A,Morning,Preventive Maintenance,79,44,7.26
2025-10-30,CNC-201,Line B,Morning,Tool Change / Wear,44,57,6.31
2025-10-13,CNC-202,Line B,Morning,Operator Break / Shift Change,15,51,5.33
2025-07-27,CNC-202,Line B,Morning,Unplanned Breakdown,228,53,7.09
2025-05-03,CNC-202,Line B,Night,Operator Break / Shift Change,17,51,7.05
2025-08-06,CNC-102,Line A,Night,Unplanned Breakdown,132,37,6.13
2025-05-06,CNC-201,Line B,Morning,Quality Hold / Inspection,47,57,8.58
2025-04-02,CNC-301,Line C,Morning,Preventive Maintenance,65,27,6.5
2025-11-23,CNC-102,Line A,Morning,Tool Change / Wear,41,40,7.81
2025-05-25,CNC-201,Line B,Afternoon,Material Shortage,93,52,6.41
2025-06-29,CNC-301,Line C,Afternoon,Preventive Maintenance,80,28,7.77
2025-03-21,CNC-201,Line B,Night,Operator Break / Shift Change,13,58,7.36
2025-07-18,CNC-102,Line A,Morning,Changeover / Setup,22,36,8.31
2025-04-26,CNC-102,Line A,Afternoon,Preventive Maintenance,82,40,7.38
2025-03-16,CNC-101,Line A,Morning,Material Shortage,96,42,9.07
2025-11-11,CNC-301,Line C,Afternoon,Material Shortage,116,27,9.36
2025-03-20,CNC-202,Line B,Night,Preventive Maintenance,86,48,7.46
2025-02-01,CNC-102,Line A,Morning,Quality Hold / Inspection,27,37,5.64
2025-04-05,CNC-202,Line B,Night,Quality Hold / Inspection,28,53,5.74
2025-12-28,CNC-301,Line C,Morning,Material Shortage,105,27,6.96
2025-05-30,CNC-301,Line C,Night,Quality Hold / Inspection,35,27,4.61
2025-12-26,CNC-202,Line B,Night,Material Shortage,107,48,8.31
2025-02-27,CNC-101,Line A,Afternoon,Operator Break / Shift Change,20,42,5.95
2025-09-03,CNC-202,Line B,Night,Quality Hold / Inspection,23,49,7.94
2025-12-31,CNC-101,Line A,Morning,Material Shortage,33,42,7.67
2025-08-01,CNC-102,Line A,Night,Operator Break / Shift Change,20,38,7.57
2025-01-24,CNC-101,Line A,Night,Quality Hold / Inspection,41,43,8.24
2025-08-23,CNC-301,Line C,Night,Preventive Maintenance,79,28,6.38
2025-09-07,CNC-101,Line A,Afternoon,Unplanned Breakdown,134,42,6.49
2025-03-12,CNC-102,Line A,Morning,Material Shortage,110,36,8.56
2025-08-02,CNC-202,Line B,Morning,Preventive Maintenance,74,49,7.95
2025-02-18,CNC-202,Line B,Morning,Unplanned Breakdown,63,49,8.45
2025-07-12,CNC-202,Line B,Night,Preventive Maintenance,50,49,5.55
2025-07-16,CNC-101,Line A,Night,Material Shortage,65,45,6.3
2025-08-28,CNC-202,Line B,Night,Material Shortage,80,52,7.36
2025-10-28,CNC-101,Line A,Morning,Unplanned Breakdown,196,41,5.11
2025-06-30,CNC-101,Line A,Morning,Operator Break / Shift Change,20,41,8.08
2025-01-16,CNC-301,Line C,Afternoon,Unplanned Breakdown,101,33,8.55
2025-11-17,CNC-102,Line A,Morning,Changeover / Setup,56,35,8.54
2025-08-23,CNC-102,Line A,Night,Preventive Maintenance,66,40,5.29
2025-02-17,CNC-202,Line B,Night,Tool Change / Wear,36,48,7.71
2025-09-03,CNC-301,Line C,Night,Changeover / Setup,24,31,7.16
2025-09-22,CNC-101,Line A,Afternoon,Preventive Maintenance,81,40,7.04
2025-03-15,CNC-201,Line B,Night,Changeover / Setup,43,55,8.32
2025-04-07,CNC-301,Line C,Morning,Preventive Maintenance,70,31,5.14
2025-01-05,CNC-102,Line A,Afternoon,Operator Break / Shift Change,15,36,7.78
2025-02-09,CNC-201,Line B,Night,Quality Hold / Inspection,39,55,9.44
2025-03-18,CNC-102,Line A,Afternoon,Tool Change / Wear,26,39,7.36
2025-10-07,CNC-201,Line B,Afternoon,Unplanned Breakdown,217,57,5.03
2025-01-24,CNC-301,Line C,Afternoon,Preventive Maintenance,87,27,4.92
2025-02-17,CNC-301,Line C,Morning,Tool Change / Wear,40,29,5.72
2025-02-22,CNC-101,Line A,Night,Quality Hold / Inspection,23,43,4.8
2025-12-05,CNC-201,Line B,Night,Material Shortage,66,57,8.26
2025-04-14,CNC-102,Line A,Afternoon,Unplanned Breakdown,157,39,8.67
2025-04-06,CNC-202,Line B,Afternoon,Quality Hold / Inspection,34,52,4.61
2025-05-13,CNC-202,Line B,Night,Tool Change / Wear,26,49,5.16
2025-12-30,CNC-102,Line A,Afternoon,Unplanned Breakdown,66,40,4.79
2025-06-06,CNC-101,Line A,Afternoon,Material Shortage,53,41,8.93
2025-02-12,CNC-101,Line A,Afternoon,Quality Hold / Inspection,34,40,9.5
2025-11-09,CNC-301,Line C,Night,Material Shortage,116,27,6.48
2025-12-10,CNC-101,Line A,Morning,Changeover / Setup,26,42,7.17
2025-12-28,CNC-201,Line B,Afternoon,Quality Hold / Inspection,18,56,7.11
2025-08-28,CNC-201,Line B,Afternoon,Material Shortage,119,53,8.31
2025-01-25,CNC-202,Line B,Afternoon,Material Shortage,65,53,9.26
2025-09-04,CNC-201,Line B,Night,Material Shortage,68,55,8.23
2025-11-28,CNC-201,Line B,Afternoon,Quality Hold / Inspection,32,54,8.23
2025-11-27,CNC-202,Line B,Afternoon,Preventive Maintenance,61,48,4.95
2025-06-16,CNC-201,Line B,Afternoon,Operator Break / Shift Change,10,57,6.99
2025-02-08,CNC-102,Line A,Afternoon,Operator Break / Shift Change,12,41,4.85
2025-07-29,CNC-202,Line B,Morning,Material Shortage,81,51,4.52
2025-01-23,CNC-101,Line A,Afternoon,Operator Break / Shift Change,14,40,5.86
2025-02-19,CNC-101,Line A,Afternoon,Tool Change / Wear,38,39,6.88
2025-01-16,CNC-201,Line B,Morning,Material Shortage,46,52,6.04
2025-11-21,CNC-202,Line B,Night,Changeover / Setup,25,50,9.22
2025-11-06,CNC-301,Line C,Afternoon,Quality Hold / Inspection,22,27,4.59
2025-03-21,CNC-301,Line C,Night,Quality Hold / Inspection,40,29,6.77
2025-12-04,CNC-301,Line C,Morning,Preventive Maintenance,69,27,6.49
2025-01-07,CNC-202,Line B,Morning,Tool Change / Wear,17,52,6.93
2025-12-20,CNC-301,Line C,Afternoon,Material Shortage,46,31,9.46
2025-12-30,CNC-202,Line B,Night,Preventive Maintenance,60,50,7.04
2025-08-30,CNC-102,Line A,Afternoon,Unplanned Breakdown,112,39,7.12
2025-02-14,CNC-202,Line B,Night,Tool Change / Wear,19,53,9.33
2025-02-23,CNC-301,Line C,Morning,Quality Hold / Inspection,34,29,6.26
2025-08-25,CNC-301,Line C,Morning,Material Shortage,118,32,7.38
2025-07-19,CNC-102,Line A,Night,Operator Break / Shift Change,14,41,8.21
2025-07-26,CNC-102,Line A,Night,Material Shortage,119,36,5.0
2025-04-01,CNC-102,Line A,Night,Operator Break / Shift Change,14,35,4.55
2025-11-18,CNC-101,Line A,Afternoon,Preventive Maintenance,58,41,5.83
2025-11-27,CNC-102,Line A,Morning,Preventive Maintenance,86,39,7.63
2025-05-29,CNC-202,Line B,Afternoon,Quality Hold / Inspection,46,51,6.05
2025-11-03,CNC-101,Line A,Afternoon,Operator Break / Shift Change,12,41,5.32
2025-04-17,CNC-301,Line C,Morning,Material Shortage,112,33,6.16
2025-03-13,CNC-202,Line B,Morning,Tool Change / Wear,28,51,9.48
2025-04-05,CNC-301,Line C,Night,Tool Change / Wear,44,31,5.06
2025-01-24,CNC-101,Line A,Afternoon,Quality Hold / Inspection,29,42,5.6
2025-09-06,CNC-101,Line A,Morning,Material Shortage,118,41,8.83
2025-11-11,CNC-101,Line A,Afternoon,Material Shortage,95,41,5.24
2025-06-10,CNC-301,Line C,Afternoon,Tool Change / Wear,38,30,9.1
2025-12-22,CNC-202,Line B,Afternoon,Operator Break / Shift Change,19,52,5.2
2025-06-09,CNC-301,Line C,Morning,Preventive Maintenance,82,31,8.41
2025-01-12,CNC-102,Line A,Night,Quality Hold / Inspection,48,36,4.78
2025-06-24,CNC-101,Line A,Afternoon,Material Shortage,56,44,9.17
2025-12-07,CNC-101,Line A,Afternoon,Operator Break / Shift Change,18,39,5.95
2025-09-16,CNC-202,Line B,Morning,Changeover / Setup,48,53,9.25
2025-05-11,CNC-102,Line A,Morning,Operator Break / Shift Change,12,35,7.15
2025-09-16,CNC-101,Line A,Morning,Changeover / Setup,44,44,7.17
2025-01-09,CNC-201,Line B,Night,Changeover / Setup,51,53,7.2
2025-11-02,CNC-102,Line A,Night,Material Shortage,52,38,9.03
2025-02-09,CNC-301,Line C,Morning,Changeover / Setup,59,32,6.49
2025-09-23,CNC-102,Line A,Night,Unplanned Breakdown,229,40,4.89
2025-04-16,CNC-201,Line B,Night,Material Shortage,88,56,5.72
2025-08-17,CNC-201,Line B,Afternoon,Changeover / Setup,55,58,7.72
2025-03-05,CNC-201,Line B,Night,Operator Break / Shift Change,20,56,4.97
2025-10-23,CNC-102,Line A,Night,Tool Change / Wear,26,37,5.38
2025-10-16,CNC-202,Line B,Afternoon,Material Shortage,55,52,7.88
2025-10-19,CNC-201,Line B,Morning,Preventive Maintenance,55,56,9.35
2025-01-20,CNC-101,Line A,Night,Preventive Maintenance,65,44,8.74
2025-09-17,CNC-101,Line A,Morning,Quality Hold / Inspection,48,41,8.38
2025-07-19,CNC-202,Line B,Morning,Material Shortage,107,47,7.01
2025-08-15,CNC-102,Line A,Morning,Unplanned Breakdown,74,37,8.38
2025-01-30,CNC-102,Line A,Afternoon,Changeover / Setup,37,39,8.01
2025-10-26,CNC-201,Line B,Night,Changeover / Setup,40,55,7.47
2025-08-09,CNC-202,Line B,Night,Preventive Maintenance,73,48,9.35
2025-01-23,CNC-301,Line C,Afternoon,Tool Change / Wear,42,33,7.38
2025-05-31,CNC-201,Line B,Night,Changeover / Setup,28,53,8.14
2025-01-05,CNC-202,Line B,Morning,Unplanned Breakdown,95,51,6.97
2025-02-09,CNC-101,Line A,Afternoon,Changeover / Setup,55,45,7.22
2025-02-07,CNC-201,Line B,Morning,Changeover / Setup,48,57,6.92
2025-03-06,CNC-202,Line B,Afternoon,Quality Hold / Inspection,25,52,6.69
2025-04-23,CNC-201,Line B,Afternoon,Quality Hold / Inspection,30,54,6.38
2025-12-27,CNC-301,Line C,Morning,Material Shortage,65,32,4.94
2025-10-08,CNC-301,Line C,Afternoon,Quality Hold / Inspection,45,27,7.34
2025-06-28,CNC-102,Line A,Night,Material Shortage,49,41,8.63
2025-02-24,CNC-202,Line B,Night,Preventive Maintenance,50,47,5.28
2025-11-02,CNC-201,Line B,Night,Preventive Maintenance,72,58,5.79
2025-11-24,CNC-202,Line B,Afternoon,Operator Break / Shift Change,14,51,4.83
2025-09-16,CNC-102,Line A,Afternoon,Material Shortage,53,39,5.08
2025-01-17,CNC-201,Line B,Afternoon,Changeover / Setup,30,58,8.01
2025-07-06,CNC-101,Line A,Night,Operator Break / Shift Change,20,41,8.28
2025-04-27,CNC-301,Line C,Afternoon,Preventive Maintenance,75,29,6.88
2025-04-22,CNC-201,Line B,Night,Tool Change / Wear,26,54,9.22
2025-06-17,CNC-301,Line C,Night,Quality Hold / Inspection,26,32,9.0
2025-11-24,CNC-102,Line A,Afternoon,Material Shortage,34,37,8.83
2025-02-01,CNC-201,Line B,Night,Quality Hold / Inspection,46,52,8.86
2025-10-14,CNC-301,Line C,Night,Tool Change / Wear,34,28,8.09
2025-10-24,CNC-201,Line B,Morning,Preventive Maintenance,88,55,5.89
2025-02-27,CNC-101,Line A,Afternoon,Quality Hold / Inspection,35,43,6.65
2025-11-22,CNC-202,Line B,Night,Changeover / Setup,57,52,6.45
2025-01-09,CNC-301,Line C,Morning,Material Shortage,82,30,8.82
2025-04-07,CNC-201,Line B,Afternoon,Tool Change / Wear,44,55,4.66
2025-02-13,CNC-201,Line B,Night,Quality Hold / Inspection,23,57,4.99
2025-08-09,CNC-101,Line A,Morning,Material Shortage,110,40,5.16
2025-07-04,CNC-301,Line C,Night,Tool Change / Wear,26,33,6.76
2025-03-23,CNC-102,Line A,Afternoon,Preventive Maintenance,65,36,8.32
2025-11-04,CNC-301,Line C,Night,Quality Hold / Inspection,27,33,8.99
2025-09-22,CNC-102,Line A,Morning,Quality Hold / Inspection,21,37,7.28
2025-09-26,CNC-202,Line B,Afternoon,Quality Hold / Inspection,38,53,6.59
2025-12-17,CNC-102,Line A,Night,Quality Hold / Inspection,21,41,7.31
2025-06-23,CNC-301,Line C,Night,Preventive Maintenance,57,33,5.81
2025-08-11,CNC-301,Line C,Morning,Unplanned Breakdown,165,31,6.69
2025-09-29,CNC-301,Line C,Morning,Quality Hold / Inspection,16,29,6.92
2025-08-08,CNC-101,Line A,Morning,Operator Break / Shift Change,14,44,8.0
2025-11-20,CNC-301,Line C,Afternoon,Changeover / Setup,49,30,7.3
2025-01-11,CNC-301,Line C,Morning,Quality Hold / Inspection,50,32,8.09
2025-05-04,CNC-201,Line B,Morning,Operator Break / Shift Change,13,54,8.87
2025-02-16,CNC-202,Line B,Night,Operator Break / Shift Change,18,50,7.44
2025-09-26,CNC-301,Line C,Night,Tool Change / Wear,19,32,8.92
2025-09-11,CNC-201,Line B,Morning,Operator Break / Shift Change,19,54,9.16
2025-04-19,CNC-102,Line A,Afternoon,Operator Break / Shift Change,11,39,8.23
2025-04-10,CNC-101,Line A,Morning,Quality Hold / Inspection,35,40,6.01
2025-08-19,CNC-101,Line A,Morning,Changeover / Setup,59,40,6.1
2025-05-04,CNC-101,Line A,Morning,Quality Hold / Inspection,38,43,8.61
2025-01-24,CNC-201,Line B,Night,Quality Hold / Inspection,44,53,9.4
2025-07-06,CNC-301,Line C,Night,Tool Change / Wear,19,29,7.48
2025-09-09,CNC-202,Line B,Morning,Material Shortage,66,52,5.4
2025-08-04,CNC-102,Line A,Night,Quality Hold / Inspection,39,36,5.23
2025-12-22,CNC-301,Line C,Morning,Unplanned Breakdown,86,29,7.08
2025-09-16,CNC-301,Line C,Afternoon,Tool Change / Wear,29,31,4.62
2025-07-08,CNC-101,Line A,Night,Material Shortage,60,44,7.57
2025-04-10,CNC-201,Line B,Night,Operator Break / Shift Change,12,57,7.89
2025-05-01,CNC-102,Line A,Afternoon,Preventive Maintenance,56,41,7.87
2025-02-18,CNC-201,Line B,Night,Preventive Maintenance,61,58,5.37
2025-08-30,CNC-201,Line B,Morning,Preventive Maintenance,54,57,7.99
2025-10-13,CNC-102,Line A,Afternoon,Preventive Maintenance,56,37,4.82
2025-08-28,CNC-102,Line A,Morning,Operator Break / Shift Change,10,39,6.5
2025-11-10,CNC-102,Line A,Morning,Tool Change / Wear,38,36,4.82
2025-06-16,CNC-301,Line C,Night,Material Shortage,34,31,8.04
2025-08-06,CNC-101,Line A,Night,Operator Break / Shift Change,19,40,7.38
2025-12-11,CNC-201,Line B,Morning,Unplanned Breakdown,82,54,8.35
2025-06-07,CNC-201,Line B,Afternoon,Material Shortage,98,57,8.83
2025-03-05,CNC-202,Line B,Morning,Changeover / Setup,21,49,6.04
2025-02-06,CNC-301,Line C,Afternoon,Changeover / Setup,40,27,9.35
2025-02-24,CNC-101,Line A,Night,Preventive Maintenance,87,42,4.85
2025-12-28,CNC-101,Line A,Afternoon,Preventive Maintenance,85,45,8.36
2025-07-24,CNC-202,Line B,Afternoon,Changeover / Setup,46,49,5.03
2025-09-08,CNC-202,Line B,Afternoon,Preventive Maintenance,84,48,6.39
2025-01-22,CNC-301,Line C,Afternoon,Changeover / Setup,53,30,7.63
2025-07-23,CNC-201,Line B,Afternoon,Tool Change / Wear,43,58,7.89
2025-06-24,CNC-102,Line A,Night,Operator Break / Shift Change,17,36,9.25
2025-02-10,CNC-301,Line C,Afternoon,Tool Change / Wear,25,33,4.78
2025-08-23,CNC-201,Line B,Afternoon,Changeover / Setup,40,56,9.46
2025-04-04,CNC-202,Line B,Afternoon,Unplanned Breakdown,75,52,5.09
2025-04-20,CNC-201,Line B,Afternoon,Changeover / Setup,26,52,4.53
2025-07-29,CNC-301,Line C,Afternoon,Quality Hold / Inspection,31,32,6.71
2025-07-02,CNC-102,Line A,Morning,Unplanned Breakdown,237,39,5.37
2025-11-12,CNC-301,Line C,Morning,Quality Hold / Inspection,17,30,8.9
2025-12-26,CNC-301,Line C,Night,Quality Hold / Inspection,43,32,6.75
2025-11-11,CNC-101,Line A,Afternoon,Changeover / Setup,50,44,7.52
2025-04-11,CNC-201,Line B,Night,Tool Change / Wear,32,55,9.34
2025-02-09,CNC-202,Line B,Morning,Changeover / Setup,26,53,8.73
2025-06-02,CNC-102,Line A,Afternoon,Material Shortage,51,38,6.97
2025-08-02,CNC-202,Line B,Night,Quality Hold / Inspection,26,50,9.38
2025-09-27,CNC-202,Line B,Morning,Changeover / Setup,46,51,7.38
2025-12-04,CNC-101,Line A,Afternoon,Tool Change / Wear,25,39,7.78
2025-06-27,CNC-201,Line B,Night,Preventive Maintenance,59,57,8.87
2025-06-25,CNC-102,Line A,Night,Quality Hold / Inspection,17,41,5.95
2025-12-17,CNC-202,Line B,Afternoon,Tool Change / Wear,42,48,6.7
2025-04-20,CNC-101,Line A,Night,Tool Change / Wear,23,40,6.4
2025-11-25,CNC-202,Line B,Morning,Operator Break / Shift Change,14,49,7.38
2025-03-08,CNC-102,Line A,Night,Changeover / Setup,21,38,4.77
2025-12-28,CNC-202,Line B,Morning,Tool Change / Wear,18,52,9.18
2025-07-02,CNC-301,Line C,Night,Preventive Maintenance,89,32,7.06
2025-12-10,CNC-101,Line A,Afternoon,Material Shortage,44,39,5.36
2025-05-23,CNC-102,Line A,Night,Tool Change / Wear,20,41,7.93
2025-04-21,CNC-301,Line C,Afternoon,Unplanned Breakdown,235,30,5.35
2025-09-16,CNC-201,Line B,Afternoon,Changeover / Setup,22,54,6.57
2025-04-30,CNC-102,Line A,Night,Quality Hold / Inspection,19,39,5.01
2025-05-21,CNC-201,Line B,Morning,Material Shortage,40,56,4.98
2025-11-23,CNC-101,Line A,Morning,Material Shortage,82,41,8.81
2025-05-09,CNC-102,Line A,Morning,Changeover / Setup,25,40,6.3
2025-12-14,CNC-102,Line A,Morning,Material Shortage,74,38,5.66
2025-07-20,CNC-201,Line B,Afternoon,Quality Hold / Inspection,22,57,5.65
2025-09-08,CNC-101,Line A,Night,Tool Change / Wear,23,41,7.96
2025-04-07,CNC-201,Line B,Afternoon,Operator Break / Shift Change,16,54,9.46
2025-07-24,CNC-101,Line A,Night,Quality Hold / Inspection,20,41,7.49
2025-09-20,CNC-101,Line A,Night,Unplanned Breakdown,240,43,8.96
2025-10-15,CNC-202,Line B,Night,Operator Break / Shift Change,17,50,5.38
2025-09-09,CNC-301,Line C,Night,Material Shortage,93,31,8.54
2025-10-15,CNC-301,Line C,Afternoon,Tool Change / Wear,35,29,5.93
2025-02-15,CNC-102,Line A,Afternoon,Material Shortage,77,40,8.25
2025-09-07,CNC-102,Line A,Morning,Operator Break / Shift Change,17,35,8.11
2025-04-20,CNC-202,Line B,Morning,Quality Hold / Inspection,32,47,5.16
2025-12-23,CNC-101,Line A,Afternoon,Changeover / Setup,49,39,5.23
2025-12-13,CNC-101,Line A,Afternoon,Operator Break / Shift Change,19,44,9.03
2025-05-03,CNC-102,Line A,Afternoon,Changeover / Setup,22,37,5.62
2025-10-06,CNC-101,Line A,Morning,Changeover / Setup,38,42,7.8
2025-08-18,CNC-301,Line C,Morning,Quality Hold / Inspection,47,30,8.17
2025-07-29,CNC-301,Line C,Afternoon,Preventive Maintenance,75,33,5.72
2025-05-23,CNC-101,Line A,Afternoon,Quality Hold / Inspection,28,42,6.04
2025-05-31,CNC-102,Line A,Night,Quality Hold / Inspection,46,40,6.09
2025-02-07,CNC-101,Line A,Afternoon,Quality Hold / Inspection,15,44,8.85
2025-08-14,CNC-102,Line A,Night,Unplanned Breakdown,86,37,5.85
2025-06-16,CNC-201,Line B,Morning,Quality Hold / Inspection,40,57,6.1
2025-06-27,CNC-102,Line A,Afternoon,Material Shortage,35,35,5.81
2025-10-24,CNC-301,Line C,Night,Material Shortage,109,29,8.5
2025-04-14,CNC-202,Line B,Morning,Preventive Maintenance,86,47,7.12
2025-03-14,CNC-102,Line A,Afternoon,Material Shortage,51,40,6.72
2025-08-06,CNC-201,Line B,Afternoon,Operator Break / Shift Change,17,52,6.41
2025-12-02,CNC-101,Line A,Night,Changeover / Setup,51,45,9.25
2025-02-16,CNC-202,Line B,Night,Material Shortage,88,49,7.85
2025-10-10,CNC-202,Line B,Morning,Quality Hold / Inspection,43,47,4.69
2025-01-17,CNC-202,Line B,Afternoon,Quality Hold / Inspection,45,48,5.5
2025-07-03,CNC-301,Line C,Morning,Changeover / Setup,47,33,4.56
2025-10-15,CNC-101,Line A,Night,Operator Break / Shift Change,14,41,6.59
2025-09-26,CNC-102,Line A,Afternoon,Material Shortage,99,36,7.81
2025-09-21,CNC-202,Line B,Morning,Changeover / Setup,40,50,6.94
2025-10-26,CNC-301,Line C,Afternoon,Changeover / Setup,30,33,5.8
2025-01-27,CNC-202,Line B,Morning,Material Shortage,119,49,8.33
2025-09-10,CNC-202,Line B,Afternoon,Operator Break / Shift Change,19,53,7.52
2025-08-15,CNC-202,Line B,Afternoon,Tool Change / Wear,39,52,5.74
2025-10-14,CNC-201,Line B,Afternoon,Operator Break / Shift Change,20,56,8.93
2025-08-01,CNC-201,Line B,Night,Preventive Maintenance,62,55,5.41
2025-03-18,CNC-301,Line C,Night,Quality Hold / Inspection,19,28,9.36
2025-08-11,CNC-102,Line A,Night,Quality Hold / Inspection,23,37,5.93
2025-01-03,CNC-102,Line A,Morning,Quality Hold / Inspection,38,36,6.35
2025-05-07,CNC-201,Line B,Night,Material Shortage,71,56,4.51
2025-10-13,CNC-301,Line C,Night,Tool Change / Wear,19,27,8.46
2025-01-15,CNC-101,Line A,Morning,Preventive Maintenance,54,41,5.91
2025-04-19,CNC-202,Line B,Night,Changeover / Setup,55,50,6.66
2025-08-07,CNC-202,Line B,Afternoon,Operator Break / Shift Change,14,51,7.72
2025-10-06,CNC-102,Line A,Afternoon,Changeover / Setup,47,40,9.02
2025-06-15,CNC-101,Line A,Night,Material Shortage,62,40,6.83
2025-12-13,CNC-301,Line C,Afternoon,Preventive Maintenance,49,29,8.96
2025-02-22,CNC-102,Line A,Night,Operator Break / Shift Change,11,38,6.27
2025-11-02,CNC-102,Line A,Afternoon,Quality Hold / Inspection,45,35,7.77
2025-03-07,CNC-201,Line B,Afternoon,Unplanned Breakdown,111,58,7.52
2025-09-15,CNC-201,Line B,Afternoon,Quality Hold / Inspection,49,54,6.81
2025-01-17,CNC-202,Line B,Morning,Changeover / Setup,39,53,8.48
2025-02-14,CNC-201,Line B,Morning,Material Shortage,67,57,8.85
2025-02-11,CNC-102,Line A,Afternoon,Unplanned Breakdown,119,38,7.69
2025-01-07,CNC-101,Line A,Afternoon,Material Shortage,32,39,9.15
2025-09-28,CNC-101,Line A,Night,Operator Break / Shift Change,11,44,7.67
2025-08-16,CNC-201,Line B,Morning,Quality Hold / Inspection,32,56,5.1
2025-06-22,CNC-201,Line B,Morning,Quality Hold / Inspection,49,56,4.74
2025-12-17,CNC-201,Line B,Afternoon,Material Shortage,42,53,7.74
2025-08-17,CNC-301,Line C,Night,Changeover / Setup,22,30,8.03
2025-02-09,CNC-301,Line C,Afternoon,Unplanned Breakdown,79,30,8.41
2025-09-10,CNC-102,Line A,Afternoon,Tool Change / Wear,20,36,4.78
2025-06-19,CNC-102,Line A,Night,Unplanned Breakdown,95,36,6.21
2025-11-08,CNC-101,Line A,Morning,Unplanned Breakdown,231,41,4.65
2025-11-10,CNC-301,Line C,Night,Quality Hold / Inspection,32,33,8.45
2025-01-22,CNC-201,Line B,Night,Operator Break / Shift Change,18,55,8.65
2025-03-12,CNC-201,Line B,Night,Quality Hold / Inspection,49,55,5.77
2025-06-10,CNC-201,Line B,Morning,Material Shortage,34,53,5.88
2025-11-21,CNC-101,Line A,Morning,Tool Change / Wear,21,40,5.86
2025-05-21,CNC-202,Line B,Afternoon,Material Shortage,39,51,7.34
2025-11-19,CNC-201,Line B,Morning,Preventive Maintenance,57,54,6.81
2025-10-23,CNC-101,Line A,Afternoon,Operator Break / Shift Change,15,39,5.05
2025-10-24,CNC-101,Line A,Morning,Quality Hold / Inspection,28,45,8.23
2025-08-29,CNC-101,Line A,Afternoon,Changeover / Setup,56,39,5.06
2025-12-17,CNC-102,Line A,Morning,Tool Change / Wear,20,40,5.09
2025-05-11,CNC-202,Line B,Morning,Material Shortage,108,52,6.71
2025-01-16,CNC-202,Line B,Afternoon,Unplanned Breakdown,234,48,7.83
2025-11-02,CNC-202,Line B,Morning,Tool Change / Wear,42,49,5.31
2025-02-15,CNC-301,Line C,Afternoon,Operator Break / Shift Change,17,32,6.01
2025-09-07,CNC-202,Line B,Afternoon,Operator Break / Shift Change,18,48,6.47
2025-12-19,CNC-202,Line B,Morning,Material Shortage,34,52,9.11
2025-08-03,CNC-201,Line B,Afternoon,Changeover / Setup,43,58,6.5
2025-05-22,CNC-201,Line B,Afternoon,Tool Change / Wear,19,52,5.32
2025-05-31,CNC-202,Line B,Afternoon,Material Shortage,102,47,5.41
2025-11-09,CNC-102,Line A,Afternoon,Tool Change / Wear,29,35,7.1
2025-07-18,CNC-202,Line B,Afternoon,Tool Change / Wear,36,48,7.09
2025-06-07,CNC-202,Line B,Night,Unplanned Breakdown,181,49,4.89
2025-08-18,CNC-201,Line B,Morning,Changeover / Setup,58,58,7.27
2025-03-20,CNC-101,Line A,Morning,Unplanned Breakdown,148,43,8.97
2025-02-06,CNC-102,Line A,Afternoon,Unplanned Breakdown,209,38,7.67
2025-12-28,CNC-102,Line A,Night,Tool Change / Wear,35,39,4.93
2025-12-20,CNC-101,Line A,Afternoon,Changeover / Setup,40,41,4.54
2025-08-31,CNC-301,Line C,Night,Material Shortage,59,30,7.04
2025-10-08,CNC-301,Line C,Afternoon,Tool Change / Wear,26,31,8.77
2025-01-06,CNC-102,Line A,Night,Changeover / Setup,47,36,6.77
2025-08-31,CNC-301,Line C,Night,Tool Change / Wear,43,29,6.92
2025-03-18,CNC-301,Line C,Afternoon,Operator Break / Shift Change,17,31,6.55
2025-03-11,CNC-202,Line B,Afternoon,Operator Break / Shift Change,11,53,7.41
2025-05-12,CNC-202,Line B,Night,Operator Break / Shift Change,19,49,8.39
2025-06-22,CNC-301,Line C,Morning,Tool Change / Wear,32,29,6.87
2025-07-12,CNC-201,Line B,Night,Unplanned Breakdown,91,52,4.53
2025-11-07,CNC-102,Line A,Morning,Tool Change / Wear,30,35,9.04
2025-12-16,CNC-301,Line C,Afternoon,Quality Hold / Inspection,17,33,8.89
2025-12-14,CNC-101,Line A,Afternoon,Tool Change / Wear,30,43,9.19
2025-11-05,CNC-102,Line A,Morning,Tool Change / Wear,18,41,5.16
2025-12-29,CNC-202,Line B,Morning,Material Shortage,62,47,5.07
2025-04-12,CNC-202,Line B,Morning,Preventive Maintenance,87,51,5.59
2025-02-20,CNC-102,Line A,Night,Tool Change / Wear,19,37,7.62
2025-03-22,CNC-202,Line B,Afternoon,Operator Break / Shift Change,15,50,5.15
2025-03-25,CNC-202,Line B,Night,Preventive Maintenance,64,51,6.18
2025-07-26,CNC-301,Line C,Morning,Operator Break / Shift Change,10,33,4.96
2025-12-23,CNC-202,Line B,Afternoon,Preventive Maintenance,70,53,5.82
2025-07-21,CNC-201,Line B,Morning,Tool Change / Wear,43,56,5.23
2025-11-20,CNC-101,Line A,Night,Quality Hold / Inspection,41,41,8.62
2025-01-03,CNC-101,Line A,Morning,Tool Change / Wear,36,40,8.37
2025-10-25,CNC-102,Line A,Afternoon,Unplanned Breakdown,133,35,5.05
2025-08-24,CNC-202,Line B,Afternoon,Tool Change / Wear,24,48,5.57
2025-03-12,CNC-301,Line C,Afternoon,Quality Hold / Inspection,18,33,7.78
2025-01-31,CNC-101,Line A,Night,Changeover / Setup,57,41,6.87
2025-08-05,CNC-301,Line C,Morning,Preventive Maintenance,61,29,4.6
2025-05-23,CNC-202,Line B,Afternoon,Changeover / Setup,45,51,4.74
2025-02-02,CNC-202,Line B,Afternoon,Changeover / Setup,25,48,5.09
2025-03-31,CNC-301,Line C,Night,Quality Hold / Inspection,20,32,7.37
2025-01-07,CNC-301,Line C,Afternoon,Unplanned Breakdown,127,31,8.86
2025-05-19,CNC-202,Line B,Night,Operator Break / Shift Change,15,49,8.63
2025-07-30,CNC-102,Line A,Afternoon,Changeover / Setup,53,39,4.55
2025-04-18,CNC-301,Line C,Night,Material Shortage,116,31,6.16
2025-09-20,CNC-201,Line B,Afternoon,Operator Break / Shift Change,20,58,7.17
2025-09-01,CNC-202,Line B,Night,Operator Break / Shift Change,14,48,9.48
2025-04-12,CNC-101,Line A,Morning,Changeover / Setup,25,43,8.12
2025-06-24,CNC-101,Line A,Morning,Unplanned Breakdown,60,39,7.86
2025-08-24,CNC-101,Line A,Night,Tool Change / Wear,38,39,9.41
2025-07-10,CNC-101,Line A,Morning,Changeover / Setup,22,39,4.87
2025-04-14,CNC-201,Line B,Afternoon,Operator Break / Shift Change,15,54,8.32
2025-02-11,CNC-301,Line C,Afternoon,Changeover / Setup,54,28,4.87
2025-07-29,CNC-202,Line B,Night,Material Shortage,94,47,7.29
2025-03-14,CNC-301,Line C,Night,Operator Break / Shift Change,12,27,5.21
2025-01-21,CNC-202,Line B,Morning,Unplanned Breakdown,110,48,4.62
2025-09-19,CNC-301,Line C,Afternoon,Preventive Maintenance,73,27,5.15
2025-03-22,CNC-301,Line C,Afternoon,Tool Change / Wear,25,28,6.83
2025-04-21,CNC-202,Line B,Morning,Quality Hold / Inspection,20,52,9.01
2025-11-24,CNC-301,Line C,Night,Quality Hold / Inspection,50,32,6.13
2025-06-30,CNC-101,Line A,Afternoon,Changeover / Setup,23,45,5.61
2025-12-06,CNC-301,Line C,Afternoon,Operator Break / Shift Change,20,32,5.28
2025-10-16,CNC-102,Line A,Afternoon,Preventive Maintenance,56,36,8.43
2025-05-18,CNC-202,Line B,Afternoon,Material Shortage,88,51,6.3
2025-12-22,CNC-201,Line B,Night,Quality Hold / Inspection,29,54,6.0
2025-05-26,CNC-201,Line B,Afternoon,Changeover / Setup,51,55,8.91
2025-05-07,CNC-101,Line A,Morning,Tool Change / Wear,35,45,8.9
2025-02-22,CNC-201,Line B,Afternoon,Material Shortage,36,54,7.5
2025-04-23,CNC-202,Line B,Night,Operator Break / Shift Change,13,50,8.49
2025-10-27,CNC-301,Line C,Afternoon,Operator Break / Shift Change,15,29,5.24
2025-07-05,CNC-301,Line C,Afternoon,Tool Change / Wear,38,29,5.52
2025-12-21,CNC-202,Line B,Morning,Operator Break / Shift Change,16,51,5.05
2025-02-20,CNC-202,Line B,Night,Material Shortage,42,53,8.01
2025-02-20,CNC-301,Line C,Afternoon,Quality Hold / Inspection,50,32,8.83
2025-12-03,CNC-102,Line A,Night,Changeover / Setup,21,37,7.91
2025-08-03,CNC-101,Line A,Afternoon,Preventive Maintenance,66,41,5.42
2025-12-31,CNC-202,Line B,Night,Unplanned Breakdown,122,51,9.26
2025-10-20,CNC-301,Line C,Afternoon,Material Shortage,119,33,4.99
2025-07-07,CNC-202,Line B,Night,Preventive Maintenance,75,51,8.62
2025-11-08,CNC-301,Line C,Afternoon,Material Shortage,84,28,7.07
2025-06-13,CNC-202,Line B,Morning,Operator Break / Shift Change,11,49,4.64
2025-04-23,CNC-201,Line B,Night,Changeover / Setup,27,56,5.5
2025-01-03,CNC-201,Line B,Night,Operator Break / Shift Change,20,57,4.86
2025-09-27,CNC-201,Line B,Morning,Tool Change / Wear,33,55,8.73
2025-07-07,CNC-101,Line A,Morning,Tool Change / Wear,40,44,6.09
2025-05-24,CNC-101,Line A,Morning,Operator Break / Shift Change,18,40,4.97
2025-11-05,CNC-202,Line B,Night,Changeover / Setup,31,52,6.02
2025-09-20,CNC-102,Line A,Afternoon,Operator Break / Shift Change,17,39,6.28
2025-08-24,CNC-301,Line C,Morning,Tool Change / Wear,16,30,6.28
2025-04-08,CNC-102,Line A,Afternoon,Preventive Maintenance,69,41,5.65
2025-09-06,CNC-101,Line A,Night,Material Shortage,81,45,4.71
2025-07-13,CNC-201,Line B,Night,Quality Hold / Inspection,18,58,8.26
2025-06-23,CNC-201,Line B,Morning,Preventive Maintenance,83,57,5.19
2025-05-20,CNC-201,Line B,Afternoon,Preventive Maintenance,60,53,4.53
2025-10-24,CNC-202,Line B,Night,Material Shortage,120,51,7.89
2025-12-26,CNC-201,Line B,Afternoon,Preventive Maintenance,64,56,6.76
2025-05-08,CNC-102,Line A,Night,Preventive Maintenance,76,41,6.22
2025-03-06,CNC-102,Line A,Night,Tool Change / Wear,31,41,7.2
2025-04-02,CNC-202,Line B,Afternoon,Unplanned Breakdown,104,51,8.78
2025-05-17,CNC-202,Line B,Night,Changeover / Setup,53,51,8.41
2025-05-31,CNC-201,Line B,Night,Operator Break / Shift Change,19,58,6.28
2025-11-16,CNC-202,Line B,Night,Material Shortage,64,47,7.98
2025-12-16,CNC-201,Line B,Night,Changeover / Setup,30,53,8.64
2025-04-06,CNC-102,Line A,Morning,Material Shortage,41,39,6.73
2025-11-14,CNC-101,Line A,Morning,Preventive Maintenance,81,42,6.88
2025-10-22,CNC-102,Line A,Night,Material Shortage,120,40,4.51
2025-01-19,CNC-301,Line C,Night,Unplanned Breakdown,153,30,4.85
2025-10-10,CNC-201,Line B,Night,Quality Hold / Inspection,49,57,6.04
2025-02-03,CNC-102,Line A,Night,Changeover / Setup,25,36,5.7
2025-10-01,CNC-301,Line C,Afternoon,Unplanned Breakdown,186,33,9.47
2025-02-14,CNC-101,Line A,Night,Changeover / Setup,46,40,5.5
2025-11-29,CNC-101,Line A,Morning,Quality Hold / Inspection,35,44,6.49
2025-05-18,CNC-301,Line C,Morning,Unplanned Breakdown,154,28,5.78
2025-02-06,CNC-301,Line C,Afternoon,Quality Hold / Inspection,50,27,6.77
2025-09-07,CNC-101,Line A,Morning,Preventive Maintenance,48,44,7.08
2025-11-08,CNC-201,Line B,Morning,Operator Break / Shift Change,19,53,6.7
2025-02-07,CNC-202,Line B,Afternoon,Material Shortage,45,52,8.66
2025-06-29,CNC-102,Line A,Afternoon,Quality Hold / Inspection,46,38,6.08
2025-02-05,CNC-301,Line C,Afternoon,Quality Hold / Inspection,16,33,7.86
2025-05-10,CNC-301,Line C,Afternoon,Tool Change / Wear,38,33,5.01
2025-04-23,CNC-101,Line A,Night,Material Shortage,72,42,8.58
2025-08-08,CNC-201,Line B,Morning,Tool Change / Wear,17,55,7.24
2025-03-26,CNC-102,Line A,Afternoon,Quality Hold / Inspection,29,40,4.76
2025-01-13,CNC-102,Line A,Night,Preventive Maintenance,50,38,7.79
2025-07-08,CNC-301,Line C,Night,Preventive Maintenance,73,30,4.72
2025-12-22,CNC-101,Line A,Morning,Tool Change / Wear,29,41,7.36
2025-06-09,CNC-202,Line B,Morning,Quality Hold / Inspection,32,51,6.79
2025-09-05,CNC-301,Line C,Afternoon,Quality Hold / Inspection,28,27,5.39
2025-07-02,CNC-301,Line C,Afternoon,Operator Break / Shift Change,13,29,6.49
2025-07-23,CNC-101,Line A,Afternoon,Quality Hold / Inspection,24,43,4.98
2025-11-25,CNC-201,Line B,Morning,Operator Break / Shift Change,17,58,7.71
2025-10-20,CNC-201,Line B,Night,Tool Change / Wear,16,55,8.17
2025-08-14,CNC-301,Line C,Morning,Quality Hold / Inspection,46,29,6.82
2025-07-30,CNC-101,Line A,Afternoon,Quality Hold / Inspection,29,44,8.01
2025-06-18,CNC-201,Line B,Afternoon,Preventive Maintenance,63,55,8.76
2025-09-11,CNC-201,Line B,Night,Quality Hold / Inspection,19,58,6.64
2025-08-21,CNC-101,Line A,Morning,Quality Hold / Inspection,20,42,8.51
2025-01-20,CNC-202,Line B,Afternoon,Preventive Maintenance,86,49,6.82
2025-10-15,CNC-102,Line A,Morning,Material Shortage,110,40,5.54
2025-06-25,CNC-301,Line C,Afternoon,Preventive Maintenance,62,32,4.96
2025-09-23,CNC-202,Line B,Afternoon,Quality Hold / Inspection,43,48,6.04
2025-12-19,CNC-102,Line A,Night,Tool Change / Wear,29,36,8.35
2025-05-27,CNC-202,Line B,Night,Quality Hold / Inspection,46,49,9.06
2025-02-08,CNC-202,Line B,Night,Changeover / Setup,20,49,8.13
2025-03-04,CNC-202,Line B,Night,Changeover / Setup,36,52,8.76
2025-02-08,CNC-301,Line C,Night,Operator Break / Shift Change,17,33,5.24
2025-05-05,CNC-101,Line A,Night,Operator Break / Shift Change,19,44,6.64
2025-12-15,CNC-102,Line A,Morning,Operator Break / Shift Change,17,36,5.37
2025-03-15,CNC-101,Line A,Night,Material Shortage,34,40,4.84
2025-11-10,CNC-101,Line A,Night,Tool Change / Wear,18,40,6.47
2025-07-30,CNC-101,Line A,Morning,Material Shortage,117,42,8.98
2025-06-01,CNC-301,Line C,Morning,Changeover / Setup,36,33,5.04
2025-04-15,CNC-201,Line B,Afternoon,Material Shortage,31,52,7.15
2025-07-16,CNC-202,Line B,Night,Tool Change / Wear,38,47,8.96
2025-04-23,CNC-102,Line A,Afternoon,Unplanned Breakdown,182,37,5.39
2025-08-15,CNC-201,Line B,Afternoon,Unplanned Breakdown,109,58,5.75
2025-04-08,CNC-301,Line C,Morning,Preventive Maintenance,46,28,5.53
2025-10-15,CNC-301,Line C,Afternoon,Changeover / Setup,41,31,8.53
2025-04-11,CNC-102,Line A,Morning,Unplanned Breakdown,117,37,8.79
2025-01-18,CNC-301,Line C,Afternoon,Changeover / Setup,31,31,9.31
2025-07-19,CNC-102,Line A,Afternoon,Preventive Maintenance,81,36,6.38
2025-05-12,CNC-201,Line B,Night,Unplanned Breakdown,130,57,4.92
2025-08-25,CNC-102,Line A,Night,Preventive Maintenance,70,39,9.09
2025-09-05,CNC-101,Line A,Morning,Unplanned Breakdown,212,40,5.65
2025-08-30,CNC-101,Line A,Morning,Changeover / Setup,48,42,4.61
2025-09-17,CNC-301,Line C,Morning,Quality Hold / Inspection,48,27,4.52
2025-07-05,CNC-101,Line A,Night,Preventive Maintenance,69,40,7.05
2025-06-11,CNC-202,Line B,Night,Quality Hold / Inspection,35,49,8.14
2025-03-26,CNC-102,Line A,Night,Operator Break / Shift Change,10,39,6.87
2025-11-04,CNC-101,Line A,Morning,Preventive Maintenance,82,41,8.62
2025-09-15,CNC-102,Line A,Morning,Material Shortage,34,40,5.18
2025-09-06,CNC-102,Line A,Night,Operator Break / Shift Change,15,38,7.56
2025-09-29,CNC-201,Line B,Afternoon,Operator Break / Shift Change,14,57,8.43
2025-10-31,CNC-201,Line B,Night,Material Shortage,86,54,5.32
2025-07-11,CNC-202,Line B,Morning,Quality Hold / Inspection,16,50,5.28
2025-09-10,CNC-101,Line A,Morning,Material Shortage,40,43,7.5
2025-12-31,CNC-201,Line B,Morning,Tool Change / Wear,42,57,7.0
2025-01-31,CNC-201,Line B,Afternoon,Preventive Maintenance,66,54,8.01
2025-08-24,CNC-101,Line A,Afternoon,Changeover / Setup,43,42,6.74
2025-12-16,CNC-202,Line B,Afternoon,Tool Change / Wear,32,48,6.93
2025-12-05,CNC-102,Line A,Morning,Material Shortage,41,35,8.76
2025-12-17,CNC-101,Line A,Morning,Tool Change / Wear,44,42,8.49
2025-09-09,CNC-301,Line C,Afternoon,Material Shortage,60,28,7.44
2025-10-31,CNC-202,Line B,Night,Material Shortage,83,48,8.68
2025-05-20,CNC-101,Line A,Afternoon,Material Shortage,38,42,8.83
2025-01-25,CNC-102,Line A,Afternoon,Tool Change / Wear,23,38,6.14
2025-11-16,CNC-201,Line B,Night,Tool Change / Wear,29,57,8.82
2025-06-14,CNC-201,Line B,Night,Tool Change / Wear,42,58,9.34
2025-03-10,CNC-301,Line C,Afternoon,Quality Hold / Inspection,47,31,4.6
2025-05-27,CNC-201,Line B,Night,Preventive Maintenance,60,57,9.47
2025-09-22,CNC-201,Line B,Morning,Preventive Maintenance,74,55,7.45
2025-10-21,CNC-102,Line A,Morning,Tool Change / Wear,37,40,6.53
2025-01-22,CNC-102,Line A,Afternoon,Preventive Maintenance,80,39,6.09
2025-04-29,CNC-202,Line B,Morning,Material Shortage,33,52,7.57
2025-08-01,CNC-102,Line A,Afternoon,Tool Change / Wear,42,38,6.36
2025-12-23,CNC-201,Line B,Afternoon,Material Shortage,39,54,7.88
2025-07-05,CNC-201,Line B,Night,Material Shortage,79,55,9.28
2025-07-06,CNC-301,Line C,Night,Preventive Maintenance,87,29,6.95
2025-11-23,CNC-101,Line A,Morning,Material Shortage,98,41,8.0
2025-12-02,CNC-102,Line A,Afternoon,Unplanned Breakdown,73,36,5.42
2025-04-01,CNC-202,Line B,Morning,Unplanned Breakdown,189,50,5.86
2025-03-02,CNC-202,Line B,Morning,Tool Change / Wear,16,49,8.66
2025-03-08,CNC-201,Line B,Afternoon,Material Shortage,40,54,5.62
2025-02-23,CNC-201,Line B,Night,Preventive Maintenance,84,56,7.87
2025-11-09,CNC-301,Line C,Night,Operator Break / Shift Change,15,28,4.56
2025-08-04,CNC-101,Line A,Morning,Unplanned Breakdown,85,44,5.85
2025-09-18,CNC-202,Line B,Afternoon,Unplanned Breakdown,142,48,5.46
2025-03-23,CNC-102,Line A,Afternoon,Material Shortage,61,41,9.01
2025-07-04,CNC-202,Line B,Morning,Unplanned Breakdown,75,52,8.42
2025-07-03,CNC-201,Line B,Afternoon,Unplanned Breakdown,188,56,7.97
2025-04-25,CNC-201,Line B,Night,Unplanned Breakdown,225,56,4.72
2025-08-16,CNC-201,Line B,Afternoon,Tool Change / Wear,16,56,8.42
2025-06-01,CNC-101,Line A,Morning,Unplanned Breakdown,148,41,5.34
2025-04-12,CNC-301,Line C,Morning,Changeover / Setup,39,27,5.56
2025-06-19,CNC-201,Line B,Afternoon,Material Shortage,72,57,9.43
2025-12-03,CNC-301,Line C,Afternoon,Operator Break / Shift Change,20,30,6.77
2025-07-07,CNC-102,Line A,Afternoon,Preventive Maintenance,49,41,7.03
2025-10-28,CNC-301,Line C,Morning,Changeover / Setup,27,32,6.89
2025-01-11,CNC-102,Line A,Morning,Preventive Maintenance,45,35,9.13
2025-11-03,CNC-202,Line B,Afternoon,Preventive Maintenance,55,51,6.11
2025-10-08,CNC-202,Line B,Afternoon,Operator Break / Shift Change,11,51,5.63
2025-03-24,CNC-301,Line C,Afternoon,Changeover / Setup,29,28,7.51
2025-01-11,CNC-301,Line C,Night,Changeover / Setup,49,29,6.62
2025-12-04,CNC-202,Line B,Morning,Changeover / Setup,40,53,4.78
2025-03-26,CNC-101,Line A,Night,Operator Break / Shift Change,11,42,7.42
2025-12-21,CNC-301,Line C,Morning,Changeover / Setup,60,31,6.27
2025-10-01,CNC-301,Line C,Morning,Unplanned Breakdown,229,30,8.13
2025-11-03,CNC-102,Line A,Night,Operator Break / Shift Change,15,35,5.95
2025-10-08,CNC-301,Line C,Night,Changeover / Setup,39,30,4.78
2025-05-08,CNC-301,Line C,Afternoon,Unplanned Breakdown,172,30,4.5
2025-04-15,CNC-202,Line B,Night,Changeover / Setup,21,51,8.57
2025-03-23,CNC-301,Line C,Morning,Changeover / Setup,43,33,6.52
2025-05-21,CNC-201,Line B,Afternoon,Quality Hold / Inspection,48,55,8.0
2025-04-06,CNC-301,Line C,Afternoon,Operator Break / Shift Change,13,31,4.87
2025-04-07,CNC-201,Line B,Night,Unplanned Breakdown,94,58,7.71
2025-01-15,CNC-201,Line B,Afternoon,Quality Hold / Inspection,18,52,7.67
2025-11-23,CNC-201,Line B,Afternoon,Quality Hold / Inspection,30,54,7.26
2025-06-29,CNC-202,Line B,Night,Quality Hold / Inspection,20,53,7.52
2025-11-21,CNC-301,Line C,Morning,Unplanned Breakdown,88,31,8.17
2025-08-07,CNC-301,Line C,Afternoon,Quality Hold / Inspection,38,32,7.43
2025-05-24,CNC-201,Line B,Night,Changeover / Setup,60,57,4.92
2025-03-07,CNC-301,Line C,Night,Changeover / Setup,55,27,8.06
2025-02-21,CNC-102,Line A,Afternoon,Tool Change / Wear,25,38,6.06
2025-10-02,CNC-102,Line A,Morning,Changeover / Setup,23,40,5.82
2025-01-16,CNC-102,Line A,Night,Unplanned Breakdown,173,39,8.03
2025-10-27,CNC-102,Line A,Night,Unplanned Breakdown,104,41,8.04
2025-02-04,CNC-202,Line B,Night,Tool Change / Wear,16,48,8.46
2025-01-05,CNC-301,Line C,Afternoon,Preventive Maintenance,49,30,6.41
2025-12-06,CNC-201,Line B,Morning,Quality Hold / Inspection,42,58,6.34
2025-01-03,CNC-301,Line C,Night,Unplanned Breakdown,178,30,5.85
2025-03-29,CNC-101,Line A,Morning,Material Shortage,80,45,6.23
2025-07-18,CNC-301,Line C,Afternoon,Material Shortage,35,27,9.4
2025-04-10,CNC-101,Line A,Afternoon,Operator Break / Shift Change,18,40,6.57
2025-07-06,CNC-102,Line A,Night,Unplanned Breakdown,109,37,6.74
2025-10-20,CNC-102,Line A,Morning,Unplanned Breakdown,211,36,9.07
2025-08-29,CNC-102,Line A,Night,Changeover / Setup,32,37,6.22
2025-04-25,CNC-201,Line B,Morning,Operator Break / Shift Change,18,56,7.69
2025-04-13,CNC-202,Line B,Night,Material Shortage,35,51,8.82
2025-11-24,CNC-102,Line A,Night,Unplanned Breakdown,172,40,6.09
2025-04-21,CNC-102,Line A,Afternoon,Preventive Maintenance,83,41,6.12
2025-04-18,CNC-101,Line A,Morning,Preventive Maintenance,75,41,4.73
2025-01-03,CNC-101,Line A,Night,Material Shortage,40,43,5.97
2025-04-15,CNC-301,Line C,Morning,Unplanned Breakdown,87,27,7.12
2025-09-05,CNC-201,Line B,Afternoon,Operator Break / Shift Change,15,53,8.76
2025-01-21,CNC-201,Line B,Morning,Operator Break / Shift Change,19,54,4.97
2025-08-16,CNC-102,Line A,Afternoon,Preventive Maintenance,52,37,6.91
2025-02-17,CNC-201,Line B,Morning,Material Shortage,86,53,8.78
2025-03-18,CNC-201,Line B,Morning,Preventive Maintenance,53,56,8.92
2025-06-14,CNC-301,Line C,Night,Changeover / Setup,58,33,9.22
2025-07-27,CNC-201,Line B,Morning,Preventive Maintenance,63,57,9.32
2025-05-30,CNC-102,Line A,Night,Tool Change / Wear,31,38,4.5
2025-06-18,CNC-102,Line A,Afternoon,Operator Break / Shift Change,14,38,8.44
2025-10-08,CNC-201,Line B,Afternoon,Preventive Maintenance,90,58,6.95
2025-10-14,CNC-201,Line B,Morning,Operator Break / Shift Change,17,57,5.13
2025-06-15,CNC-202,Line B,Night,Material Shortage,38,49,9.44
2025-08-22,CNC-301,Line C,Night,Tool Change / Wear,39,32,7.38
2025-08-26,CNC-301,Line C,Morning,Unplanned Breakdown,227,33,7.51
2025-04-01,CNC-201,Line B,Night,Changeover / Setup,38,55,9.45
2025-12-21,CNC-102,Line A,Morning,Changeover / Setup,53,37,8.29
2025-02-01,CNC-301,Line C,Afternoon,Changeover / Setup,31,27,5.76
2025-04-08,CNC-101,Line A,Night,Quality Hold / Inspection,16,41,6.82
2025-04-07,CNC-301,Line C,Morning,Unplanned Breakdown,227,33,6.24
2025-04-06,CNC-101,Line A,Afternoon,Unplanned Breakdown,206,43,5.25
2025-06-22,CNC-201,Line B,Afternoon,Changeover / Setup,22,55,8.88
2025-07-29,CNC-102,Line A,Afternoon,Preventive Maintenance,67,37,9.32
2025-11-14,CNC-102,Line A,Afternoon,Material Shortage,63,38,7.46
2025-11-08,CNC-101,Line A,Morning,Quality Hold / Inspection,32,43,6.24
2025-09-09,CNC-301,Line C,Afternoon,Tool Change / Wear,34,33,5.77
2025-04-24,CNC-101,Line A,Night,Quality Hold / Inspection,41,44,7.0
2025-01-27,CNC-301,Line C,Morning,Tool Change / Wear,33,32,8.65
2025-03-08,CNC-202,Line B,Morning,Quality Hold / Inspection,36,53,5.23
2025-10-19,CNC-101,Line A,Night,Unplanned Breakdown,147,40,8.93
2025-09-14,CNC-301,Line C,Morning,Changeover / Setup,45,32,7.34
2025-01-05,CNC-102,Line A,Morning,Operator Break / Shift Change,17,36,5.82
2025-07-03,CNC-101,Line A,Morning,Changeover / Setup,55,44,5.59
2025-05-24,CNC-301,Line C,Afternoon,Tool Change / Wear,17,28,9.01
2025-06-22,CNC-101,Line A,Morning,Unplanned Breakdown,102,45,6.52
2025-06-03,CNC-102,Line A,Night,Changeover / Setup,58,39,8.97
2025-08-23,CNC-202,Line B,Afternoon,Material Shortage,111,50,8.63
2025-03-10,CNC-101,Line A,Night,Tool Change / Wear,35,43,7.38
2025-03-08,CNC-301,Line C,Morning,Preventive Maintenance,45,27,4.6
2025-09-25,CNC-301,Line C,Afternoon,Preventive Maintenance,48,27,8.02
2025-10-16,CNC-201,Line B,Night,Tool Change / Wear,43,53,8.11
2025-06-04,CNC-202,Line B,Morning,Changeover / Setup,60,51,6.9
2025-12-09,CNC-102,Line A,Afternoon,Operator Break / Shift Change,14,37,7.44
2025-09-11,CNC-301,Line C,Night,Tool Change / Wear,37,33,5.87
2025-08-05,CNC-101,Line A,Morning,Preventive Maintenance,48,42,4.99
2025-10-17,CNC-202,Line B,Night,Unplanned Breakdown,156,48,4.87
2025-06-05,CNC-202,Line B,Night,Changeover / Setup,45,50,6.95
2025-11-09,CNC-301,Line C,Afternoon,Material Shortage,54,33,4.85
2025-12-31,CNC-201,Line B,Night,Operator Break / Shift Change,11,53,8.31
2025-01-21,CNC-301,Line C,Morning,Material Shortage,61,28,7.78
2025-03-06,CNC-101,Line A,Afternoon,Unplanned Breakdown,117,40,5.27
2025-04-28,CNC-101,Line A,Night,Material Shortage,70,39,6.0
2025-03-30,CNC-102,Line A,Night,Preventive Maintenance,60,36,4.75
2025-12-10,CNC-201,Line B,Morning,Operator Break / Shift Change,20,55,8.52
2025-08-29,CNC-301,Line C,Morning,Preventive Maintenance,73,31,5.23
2025-07-29,CNC-101,Line A,Night,Preventive Maintenance,57,43,4.58
2025-06-27,CNC-102,Line A,Night,Tool Change / Wear,37,41,7.89
2025-05-06,CNC-202,Line B,Night,Quality Hold / Inspection,41,47,9.46
2025-09-10,CNC-102,Line A,Morning,Changeover / Setup,59,40,7.29
2025-02-27,CNC-202,Line B,Afternoon,Preventive Maintenance,74,53,7.95
2025-10-11,CNC-201,Line B,Morning,Preventive Maintenance,47,53,8.01
2025-12-09,CNC-201,Line B,Morning,Material Shortage,109,58,5.83
2025-10-22,CNC-202,Line B,Morning,Operator Break / Shift Change,19,51,7.38
2025-02-01,CNC-102,Line A,Morning,Tool Change / Wear,16,39,5.96
2025-10-23,CNC-201,Line B,Afternoon,Preventive Maintenance,90,58,5.52
2025-01-06,CNC-201,Line B,Night,Quality Hold / Inspection,34,58,7.69
2025-02-16,CNC-202,Line B,Morning,Tool Change / Wear,18,48,8.94
2025-02-18,CNC-201,Line B,Morning,Tool Change / Wear,23,58,9.42
2025-04-05,CNC-101,Line A,Afternoon,Operator Break / Shift Change,14,44,5.09
2025-10-19,CNC-301,Line C,Afternoon,Material Shortage,57,31,6.87
2025-12-20,CNC-102,Line A,Night,Preventive Maintenance,54,40,6.52
2025-11-23,CNC-202,Line B,Night,Operator Break / Shift Change,15,53,7.93
2025-11-27,CNC-102,Line A,Morning,Material Shortage,55,37,8.01
2025-01-14,CNC-102,Line A,Night,Preventive Maintenance,51,35,7.19
2025-06-19,CNC-301,Line C,Morning,Unplanned Breakdown,185,33,8.32
2025-02-15,CNC-201,Line B,Afternoon,Quality Hold / Inspection,38,52,7.87
2025-11-12,CNC-202,Line B,Night,Material Shortage,94,49,7.21
2025-07-31,CNC-102,Line A,Night,Unplanned Breakdown,187,40,5.5
2025-08-20,CNC-202,Line B,Morning,Preventive Maintenance,84,52,7.45
2025-07-09,CNC-202,Line B,Night,Tool Change / Wear,21,51,8.64
2025-08-16,CNC-101,Line A,Afternoon,Operator Break / Shift Change,13,42,6.45
2025-01-06,CNC-101,Line A,Night,Preventive Maintenance,45,44,8.1
2025-12-20,CNC-102,Line A,Night,Unplanned Breakdown,199,39,8.44
2025-04-23,CNC-101,Line A,Afternoon,Changeover / Setup,59,42,8.52
2025-07-23,CNC-202,Line B,Morning,Changeover / Setup,22,52,7.15
2025-11-02,CNC-201,Line B,Night,Material Shortage,118,58,5.1
2025-02-12,CNC-201,Line B,Morning,Tool Change / Wear,41,57,6.48
2025-07-19,CNC-102,Line A,Morning,Changeover / Setup,57,40,8.99
2025-07-08,CNC-202,Line B,Night,Material Shortage,44,50,5.78
2025-05-27,CNC-201,Line B,Afternoon,Quality Hold / Inspection,16,55,8.41
2025-11-26,CNC-101,Line A,Afternoon,Quality Hold / Inspection,23,45,7.47
2025-10-04,CNC-301,Line C,Night,Tool Change / Wear,28,27,7.13
2025-01-27,CNC-202,Line B,Morning,Preventive Maintenance,83,52,8.09
2025-02-15,CNC-301,Line C,Morning,Preventive Maintenance,65,31,5.61
2025-01-31,CNC-201,Line B,Night,Changeover / Setup,27,57,7.18
2025-11-18,CNC-102,Line A,Morning,Material Shortage,58,39,8.21
2025-11-17,CNC-201,Line B,Night,Unplanned Breakdown,146,55,7.01
2025-12-23,CNC-301,Line C,Afternoon,Material Shortage,118,30,8.16
2025-05-31,CNC-102,Line A,Afternoon,Changeover / Setup,28,36,8.16
2025-01-27,CNC-102,Line A,Night,Preventive Maintenance,54,36,5.13
2025-08-08,CNC-202,Line B,Morning,Preventive Maintenance,50,47,5.81
2025-01-30,CNC-102,Line A,Afternoon,Unplanned Breakdown,184,36,6.27
2025-02-28,CNC-202,Line B,Afternoon,Preventive Maintenance,77,48,9.03
2025-11-30,CNC-201,Line B,Night,Material Shortage,115,54,5.16
2025-06-07,CNC-101,Line A,Night,Tool Change / Wear,17,44,6.22
2025-07-06,CNC-202,Line B,Night,Quality Hold / Inspection,31,47,6.15
2025-01-17,CNC-102,Line A,Night,Changeover / Setup,46,41,7.85
2025-01-30,CNC-101,Line A,Night,Changeover / Setup,48,40,8.25
2025-02-09,CNC-102,Line A,Afternoon,Quality Hold / Inspection,27,40,5.69
2025-12-11,CNC-202,Line B,Night,Tool Change / Wear,18,48,9.01
2025-10-14,CNC-202,Line B,Morning,Preventive Maintenance,73,50,5.7
2025-08-11,CNC-202,Line B,Afternoon,Quality Hold / Inspection,45,49,4.55
2025-12-16,CNC-201,Line B,Morning,Tool Change / Wear,40,52,6.19
2025-02-12,CNC-101,Line A,Night,Tool Change / Wear,22,42,7.36
2025-08-06,CNC-202,Line B,Afternoon,Unplanned Breakdown,102,52,8.54
2025-11-03,CNC-201,Line B,Morning,Tool Change / Wear,31,53,8.33
2025-10-26,CNC-102,Line A,Morning,Operator Break / Shift Change,10,37,5.45
2025-02-04,CNC-102,Line A,Morning,Operator Break / Shift Change,19,40,8.52
2025-04-23,CNC-201,Line B,Night,Unplanned Breakdown,234,58,7.25
2025-09-15,CNC-202,Line B,Night,Tool Change / Wear,41,51,6.0
2025-06-17,CNC-101,Line A,Afternoon,Changeover / Setup,34,44,7.17
2025-01-26,CNC-201,Line B,Night,Changeover / Setup,34,57,4.84
2025-06-20,CNC-202,Line B,Night,Operator Break / Shift Change,15,47,8.96
2025-04-25,CNC-101,Line A,Night,Preventive Maintenance,77,45,7.96
2025-08-25,CNC-102,Line A,Morning,Unplanned Breakdown,119,37,8.56
2025-02-17,CNC-301,Line C,Morning,Unplanned Breakdown,210,28,8.57
2025-05-01,CNC-201,Line B,Morning,Preventive Maintenance,50,57,5.17
2025-05-02,CNC-202,Line B,Night,Preventive Maintenance,77,52,6.97
2025-06-17,CNC-102,Line A,Morning,Operator Break / Shift Change,15,39,6.0
2025-11-19,CNC-101,Line A,Night,Operator Break / Shift Change,18,40,8.9
2025-10-22,CNC-202,Line B,Afternoon,Changeover / Setup,53,47,5.98
2025-01-12,CNC-301,Line C,Night,Operator Break / Shift Change,13,30,5.1
2025-12-24,CNC-201,Line B,Afternoon,Quality Hold / Inspection,48,52,7.97
2025-08-28,CNC-301,Line C,Afternoon,Operator Break / Shift Change,18,28,5.71
2025-01-15,CNC-101,Line A,Night,Unplanned Breakdown,127,39,8.95
2025-02-12,CNC-301,Line C,Night,Unplanned Breakdown,215,33,6.26
2025-12-07,CNC-202,Line B,Night,Preventive Maintenance,72,49,7.34
2025-11-07,CNC-202,Line B,Night,Quality Hold / Inspection,21,53,5.12
2025-01-30,CNC-201,Line B,Afternoon,Preventive Maintenance,57,52,5.71
2025-06-04,CNC-201,Line B,Morning,Quality Hold / Inspection,46,53,4.77
2025-06-15,CNC-101,Line A,Afternoon,Operator Break / Shift Change,14,42,8.98
2025-03-19,CNC-102,Line A,Morning,Preventive Maintenance,85,39,5.41
2025-04-06,CNC-201,Line B,Night,Preventive Maintenance,71,55,7.32
2025-05-02,CNC-201,Line B,Morning,Quality Hold / Inspection,37,52,6.92
2025-02-04,CNC-301,Line C,Night,Preventive Maintenance,63,30,5.12
2025-07-29,CNC-202,Line B,Afternoon,Changeover / Setup,41,47,8.51
2025-04-19,CNC-102,Line A,Morning,Tool Change / Wear,18,38,5.66
2025-01-13,CNC-201,Line B,Morning,Changeover / Setup,33,57,8.08
2025-10-10,CNC-202,Line B,Night,Operator Break / Shift Change,18,50,9.2
2025-02-07,CNC-202,Line B,Morning,Tool Change / Wear,32,50,4.97
2025-06-17,CNC-102,Line A,Afternoon,Quality Hold / Inspection,50,36,5.97
2025-04-05,CNC-301,Line C,Afternoon,Tool Change / Wear,31,30,7.14
2025-07-13,CNC-202,Line B,Afternoon,Preventive Maintenance,49,49,7.86
2025-01-03,CNC-102,Line A,Night,Quality Hold / Inspection,21,38,5.89
2025-06-09,CNC-101,Line A,Afternoon,Unplanned Breakdown,220,40,8.67
2025-08-12,CNC-301,Line C,Morning,Quality Hold / Inspection,32,30,5.44
2025-09-21,CNC-102,Line A,Morning,Quality Hold / Inspection,44,38,5.66
2025-07-28,CNC-101,Line A,Night,Preventive Maintenance,89,40,7.58
2025-05-19,CNC-102,Line A,Morning,Material Shortage,49,36,9.16
2025-01-22,CNC-202,Line B,Morning,Unplanned Breakdown,181,50,5.8
2025-04-18,CNC-201,Line B,Night,Quality Hold / Inspection,40,52,6.0
2025-01-21,CNC-301,Line C,Afternoon,Preventive Maintenance,57,32,7.98
2025-09-14,CNC-102,Line A,Night,Changeover / Setup,24,37,6.0
2025-06-30,CNC-101,Line A,Afternoon,Changeover / Setup,55,45,7.6
2025-09-05,CNC-102,Line A,Night,Operator Break / Shift Change,17,36,7.01
2025-08-22,CNC-102,Line A,Morning,Tool Change / Wear,38,36,7.16
2025-09-15,CNC-101,Line A,Night,Unplanned Breakdown,144,45,6.19
2025-02-24,CNC-202,Line B,Night,Tool Change / Wear,36,47,5.86
2025-12-17,CNC-301,Line C,Afternoon,Tool Change / Wear,22,33,8.55
2025-07-22,CNC-201,Line B,Morning,Preventive Maintenance,54,58,7.41
2025-08-03,CNC-101,Line A,Afternoon,Unplanned Breakdown,200,41,5.69
2025-06-12,CNC-101,Line A,Morning,Quality Hold / Inspection,48,45,6.37
2025-01-24,CNC-102,Line A,Afternoon,Material Shortage,73,40,7.9
2025-11-19,CNC-102,Line A,Night,Quality Hold / Inspection,26,39,7.0
2025-11-13,CNC-301,Line C,Night,Material Shortage,44,31,7.88
2025-07-30,CNC-301,Line C,Morning,Quality Hold / Inspection,36,27,7.27
2025-12-19,CNC-201,Line B,Morning,Tool Change / Wear,17,54,6.07
2025-08-16,CNC-101,Line A,Night,Changeover / Setup,30,44,8.14
2025-10-05,CNC-202,Line B,Night,Operator Break / Shift Change,13,51,7.69
2025-05-04,CNC-102,Line A,Morning,Material Shortage,99,36,9.45
2025-11-01,CNC-301,Line C,Morning,Material Shortage,58,27,8.46
2025-09-21,CNC-202,Line B,Night,Changeover / Setup,43,50,5.42
2025-01-12,CNC-101,Line A,Night,Tool Change / Wear,38,41,4.79
2025-12-08,CNC-301,Line C,Afternoon,Material Shortage,52,33,5.41
2025-05-16,CNC-202,Line B,Night,Tool Change / Wear,24,52,8.21
2025-09-16,CNC-202,Line B,Morning,Preventive Maintenance,64,48,5.06
2025-04-19,CNC-301,Line C,Morning,Material Shortage,40,33,7.59
2025-10-10,CNC-101,Line A,Night,Unplanned Breakdown,69,40,4.63
2025-05-07,CNC-301,Line C,Morning,Operator Break / Shift Change,20,32,6.29
2025-02-28,CNC-102,Line A,Morning,Changeover / Setup,41,36,6.17
2025-12-01,CNC-202,Line B,Afternoon,Quality Hold / Inspection,32,52,6.3
2025-02-28,CNC-301,Line C,Afternoon,Quality Hold / Inspection,24,28,5.01
2025-10-19,CNC-301,Line C,Morning,Changeover / Setup,20,32,6.64
2025-01-31,CNC-201,Line B,Morning,Changeover / Setup,36,53,5.1
2025-03-24,CNC-202,Line B,Afternoon,Tool Change / Wear,19,47,6.47
2025-10-08,CNC-101,Line A,Morning,Material Shortage,49,44,7.7
2025-10-27,CNC-101,Line A,Night,Material Shortage,51,43,9.12
2025-12-14,CNC-201,Line B,Night,Operator Break / Shift Change,15,56,8.77
2025-10-08,CNC-102,Line A,Afternoon,Changeover / Setup,29,40,6.15
2025-11-23,CNC-102,Line A,Afternoon,Quality Hold / Inspection,24,37,6.88
2025-04-05,CNC-201,Line B,Afternoon,Preventive Maintenance,68,55,8.01
2025-09-29,CNC-301,Line C,Afternoon,Preventive Maintenance,49,33,8.42
2025-03-23,CNC-101,Line A,Afternoon,Unplanned Breakdown,84,39,5.95
2025-12-06,CNC-202,Line B,Afternoon,Material Shortage,41,47,7.07
2025-09-06,CNC-301,Line C,Night,Material Shortage,35,31,6.44
2025-10-09,CNC-202,Line B,Morning,Unplanned Breakdown,136,52,6.45
2025-05-19,CNC-101,Line A,Morning,Tool Change / Wear,42,45,4.56
2025-02-19,CNC-202,Line B,Morning,Quality Hold / Inspection,48,49,6.79
2025-07-16,CNC-301,Line C,Morning,Quality Hold / Inspection,40,33,7.45
2025-11-12,CNC-102,Line A,Afternoon,Operator Break / Shift Change,18,41,6.96
2025-04-06,CNC-101,Line A,Morning,Quality Hold / Inspection,48,42,5.08
2025-01-04,CNC-101,Line A,Morning,Unplanned Breakdown,235,41,8.71
2025-04-12,CNC-201,Line B,Morning,Preventive Maintenance,83,52,8.87
2025-10-28,CNC-202,Line B,Afternoon,Preventive Maintenance,66,52,8.03
2025-09-04,CNC-201,Line B,Afternoon,Operator Break / Shift Change,10,58,6.09
2025-05-20,CNC-101,Line A,Afternoon,Changeover / Setup,25,43,6.78
2025-01-18,CNC-301,Line C,Night,Tool Change / Wear,18,31,6.67
2025-06-30,CNC-202,Line B,Afternoon,Changeover / Setup,26,47,8.98
2025-09-04,CNC-202,Line B,Morning,Changeover / Setup,29,53,5.44
2025-04-23,CNC-102,Line A,Night,Unplanned Breakdown,136,37,7.52
2025-04-16,CNC-301,Line C,Night,Quality Hold / Inspection,20,32,9.46
2025-05-31,CNC-201,Line B,Night,Preventive Maintenance,56,55,6.03
2025-11-07,CNC-101,Line A,Night,Tool Change / Wear,21,39,4.66
2025-11-01,CNC-102,Line A,Afternoon,Unplanned Breakdown,111,36,8.66
2025-02-10,CNC-101,Line A,Night,Operator Break / Shift Change,17,45,7.21
2025-04-04,CNC-102,Line A,Morning,Changeover / Setup,39,39,8.11
2025-06-28,CNC-301,Line C,Afternoon,Tool Change / Wear,39,30,6.1
2025-12-02,CNC-301,Line C,Morning,Quality Hold / Inspection,24,27,6.25
2025-05-20,CNC-101,Line A,Night,Unplanned Breakdown,134,43,8.42
2025-01-10,CNC-102,Line A,Afternoon,Tool Change / Wear,22,36,5.45
2025-04-17,CNC-101,Line A,Afternoon,Tool Change / Wear,27,42,6.39
2025-12-18,CNC-202,Line B,Morning,Material Shortage,76,52,7.82
2025-08-09,CNC-202,Line B,Night,Preventive Maintenance,56,51,7.49
2025-04-05,CNC-102,Line A,Afternoon,Unplanned Breakdown,116,36,6.89
2025-07-03,CNC-202,Line B,Night,Quality Hold / Inspection,37,51,6.9
2025-08-19,CNC-201,Line B,Night,Unplanned Breakdown,216,54,6.11
2025-02-26,CNC-201,Line B,Night,Operator Break / Shift Change,15,52,6.49
2025-01-05,CNC-201,Line B,Night,Preventive Maintenance,61,57,7.42
2025-12-11,CNC-201,Line B,Night,Operator Break / Shift Change,13,55,8.71
2025-03-25,CNC-102,Line A,Night,Unplanned Breakdown,215,39,5.2
2025-07-11,CNC-101,Line A,Night,Tool Change / Wear,37,45,4.86
2025-06-28,CNC-301,Line C,Night,Changeover / Setup,23,31,5.61
2025-10-26,CNC-202,Line B,Morning,Preventive Maintenance,73,50,6.02
2025-07-06,CNC-202,Line B,Afternoon,Operator Break / Shift Change,18,47,6.39
2025-06-26,CNC-201,Line B,Night,Operator Break / Shift Change,12,52,5.16
2025-02-25,CNC-202,Line B,Morning,Preventive Maintenance,48,47,5.52
2025-11-28,CNC-202,Line B,Morning,Changeover / Setup,32,50,5.4
2025-08-09,CNC-301,Line C,Night,Preventive Maintenance,72,31,7.7
2025-11-28,CNC-201,Line B,Morning,Unplanned Breakdown,170,58,5.53
2025-01-16,CNC-102,Line A,Night,Unplanned Breakdown,199,35,8.67
2025-09-25,CNC-101,Line A,Morning,Quality Hold / Inspection,15,45,5.23
2025-02-06,CNC-102,Line A,Afternoon,Tool Change / Wear,30,37,6.54
2025-11-19,CNC-201,Line B,Morning,Quality Hold / Inspection,42,56,8.13
2025-11-18,CNC-301,Line C,Night,Changeover / Setup,32,30,6.51
2025-02-07,CNC-202,Line B,Night,Preventive Maintenance,60,52,5.29
2025-09-24,CNC-102,Line A,Night,Quality Hold / Inspection,39,37,6.97
2025-07-15,CNC-101,Line A,Night,Changeover / Setup,59,44,6.03
2025-09-02,CNC-201,Line B,Morning,Quality Hold / Inspection,16,56,9.25
2025-12-14,CNC-202,Line B,Afternoon,Unplanned Breakdown,135,52,8.06
2025-12-11,CNC-201,Line B,Morning,Quality Hold / Inspection,16,53,6.91
2025-10-03,CNC-101,Line A,Afternoon,Material Shortage,90,41,5.23
2025-07-24,CNC-201,Line B,Morning,Tool Change / Wear,31,52,6.38
2025-03-23,CNC-202,Line B,Morning,Quality Hold / Inspection,45,49,7.18
2025-11-28,CNC-202,Line B,Afternoon,Tool Change / Wear,24,49,5.68
2025-01-05,CNC-301,Line C,Afternoon,Unplanned Breakdown,220,28,8.46
2025-01-03,CNC-101,Line A,Morning,Preventive Maintenance,68,43,5.46
2025-08-26,CNC-301,Line C,Night,Operator Break / Shift Change,20,30,4.77
2025-10-29,CNC-202,Line B,Night,Unplanned Breakdown,131,48,4.61
2025-01-02,CNC-102,Line A,Morning,Unplanned Breakdown,238,38,6.2
2025-11-17,CNC-301,Line C,Morning,Changeover / Setup,47,28,6.98
2025-03-04,CNC-102,Line A,Night,Changeover / Setup,44,38,8.37
2025-12-08,CNC-201,Line B,Afternoon,Tool Change / Wear,29,57,8.1
2025-01-08,CNC-101,Line A,Night,Material Shortage,115,44,6.37
2025-06-14,CNC-301,Line C,Morning,Operator Break / Shift Change,12,31,8.5
2025-10-26,CNC-102,Line A,Night,Unplanned Breakdown,181,37,6.6
2025-08-18,CNC-102,Line A,Afternoon,Unplanned Breakdown,205,36,7.22
2025-12-25,CNC-201,Line B,Morning,Changeover / Setup,39,54,6.93
2025-06-21,CNC-202,Line B,Afternoon,Changeover / Setup,30,47,8.62
2025-06-11,CNC-201,Line B,Night,Quality Hold / Inspection,29,53,6.0
2025-11-23,CNC-301,Line C,Afternoon,Quality Hold / Inspection,43,30,4.54
2025-04-30,CNC-301,Line C,Afternoon,Changeover / Setup,51,31,9.33
2025-12-30,CNC-301,Line C,Night,Tool Change / Wear,23,27,6.09
2025-08-16,CNC-101,Line A,Night,Unplanned Breakdown,177,44,8.35
2025-12-17,CNC-101,Line A,Night,Quality Hold / Inspection,47,43,7.85
2025-05-08,CNC-201,Line B,Afternoon,Tool Change / Wear,18,57,8.42
2025-11-10,CNC-202,Line B,Night,Material Shortage,45,48,8.69
2025-06-21,CNC-301,Line C,Afternoon,Operator Break / Shift Change,12,29,9.48
2025-12-03,CNC-102,Line A,Afternoon,Tool Change / Wear,31,41,7.35
2025-06-10,CNC-101,Line A,Morning,Unplanned Breakdown,205,43,7.41
2025-09-08,CNC-201,Line B,Night,Changeover / Setup,25,56,8.04
2025-10-31,CNC-102,Line A,Afternoon,Preventive Maintenance,50,36,8.14
2025-04-12,CNC-301,Line C,Afternoon,Operator Break / Shift Change,11,32,9.5
2025-08-02,CNC-301,Line C,Night,Material Shortage,104,27,6.13
2025-05-19,CNC-301,Line C,Night,Preventive Maintenance,88,27,5.4
2025-10-03,CNC-201,Line B,Night,Material Shortage,78,57,6.08
2025-12-24,CNC-101,Line A,Afternoon,Unplanned Breakdown,189,40,6.92
2025-03-06,CNC-301,Line C,Night,Operator Break / Shift Change,13,30,7.55
2025-02-25,CNC-102,Line A,Afternoon,Changeover / Setup,57,38,7.13
2025-12-11,CNC-301,Line C,Night,Material Shortage,90,27,8.8
2025-07-16,CNC-202,Line B,Night,Unplanned Breakdown,197,48,5.82
2025-02-10,CNC-101,Line A,Night,Quality Hold / Inspection,49,42,9.27
2025-05-31,CNC-101,Line A,Afternoon,Unplanned Breakdown,88,45,7.13
2025-02-02,CNC-301,Line C,Afternoon,Quality Hold / Inspection,29,33,7.11
2025-10-07,CNC-101,Line A,Morning,Unplanned Breakdown,172,39,6.96
2025-09-21,CNC-301,Line C,Afternoon,Changeover / Setup,50,30,8.73
2025-03-18,CNC-101,Line A,Morning,Unplanned Breakdown,91,40,8.46
2025-01-22,CNC-102,Line A,Night,Tool Change / Wear,29,36,8.51
2025-05-20,CNC-102,Line A,Morning,Material Shortage,77,39,9.36
2025-09-10,CNC-202,Line B,Morning,Tool Change / Wear,16,47,6.58
2025-10-17,CNC-301,Line C,Afternoon,Material Shortage,48,28,9.14
2025-04-13,CNC-201,Line B,Morning,Quality Hold / Inspection,45,58,8.7
2025-11-09,CNC-202,Line B,Afternoon,Changeover / Setup,48,48,7.27
2025-06-25,CNC-301,Line C,Afternoon,Operator Break / Shift Change,20,28,6.14
2025-07-07,CNC-102,Line A,Afternoon,Unplanned Breakdown,229,37,6.16
2025-12-02,CNC-301,Line C,Night,Preventive Maintenance,76,30,6.96
2025-05-02,CNC-301,Line C,Night,Operator Break / Shift Change,17,30,5.34
2025-10-24,CNC-301,Line C,Afternoon,Quality Hold / Inspection,19,28,8.96
2025-05-16,CNC-101,Line A,Afternoon,Operator Break / Shift Change,20,44,7.72
2025-08-29,CNC-301,Line C,Morning,Quality Hold / Inspection,20,27,8.2
2025-01-29,CNC-201,Line B,Afternoon,Material Shortage,85,58,8.16
2025-01-01,CNC-102,Line A,Morning,Operator Break / Shift Change,18,35,7.45
2025-03-21,CNC-201,Line B,Afternoon,Tool Change / Wear,16,57,8.36
2025-11-20,CNC-201,Line B,Morning,Unplanned Breakdown,163,53,5.07
2025-05-24,CNC-101,Line A,Night,Tool Change / Wear,45,42,8.77
